<?xml version="1.0"?>
<!DOCTYPE pathway SYSTEM "http://www.genome.jp/kegg/xml/KGML_v0.6.1_.dtd">
<!-- Creation date: Aug 30 2008 00:21:52 +0900 (JST) -->
<pathway name="path:hsa04110" org="hsa" number="04110"
         title="Cell cycle"
         image="http://www.genome.jp/kegg/pathway/hsa/hsa04110.gif"
         link="http://www.genome.jp/dbget-bin/show_pathway?hsa04110">
    <entry id="1" name="hsa:100131844 hsa:10393 hsa:246184 hsa:29882 hsa:29945 hsa:51433 hsa:51434 hsa:51529 hsa:64682 hsa:8697 hsa:8881 hsa:996" type="gene"
        link="http://www.genome.jp/dbget-bin/www_bget?hsa+100131844+10393+246184+29882+29945+51433+51434+51529+64682+8697+8881+996">
        <graphics name="LOC100131844..." fgcolor="#000000" bgcolor="#BFFFBF"
             type="rectangle" x="918" y="257" width="45" height="28"/>
    </entry>
    <entry id="2" name="hsa:100131844 hsa:10393 hsa:246184 hsa:29882 hsa:29945 hsa:51433 hsa:51434 hsa:51529 hsa:64682 hsa:8697 hsa:8881 hsa:996" type="gene"
        link="http://www.genome.jp/dbget-bin/www_bget?hsa+100131844+10393+246184+29882+29945+51433+51434+51529+64682+8697+8881+996">
        <graphics name="LOC100131844..." fgcolor="#000000" bgcolor="#BFFFBF"
             type="rectangle" x="918" y="479" width="45" height="28"/>
    </entry>
    <entry id="3" name="hsa:6500 hsa:8454 hsa:9978" type="gene"
        link="http://www.genome.jp/dbget-bin/www_bget?hsa+6500+8454+9978">
        <graphics name="SKP1, SKP1A..." fgcolor="#000000" bgcolor="#BFFFBF"
             type="rectangle" x="187" y="479" width="45" height="28"/>
    </entry>
    <entry id="4" name="hsa:6500 hsa:8454 hsa:9978" type="gene"
        link="http://www.genome.jp/dbget-bin/www_bget?hsa+6500+8454+9978">
        <graphics name="SKP1, SKP1A..." fgcolor="#000000" bgcolor="#BFFFBF"
             type="rectangle" x="381" y="186" width="45" height="28"/>
    </entry>
    <entry id="5" name="hsa:23594" type="gene"
        link="http://www.genome.jp/dbget-bin/www_bget?hsa+23594">
        <graphics name="ORC6L" fgcolor="#000000" bgcolor="#BFFFBF"
             type="rectangle" x="134" y="703" width="45" height="17"/>
    </entry>
    <entry id="6" name="hsa:23595" type="gene"
        link="http://www.genome.jp/dbget-bin/www_bget?hsa+23595">
        <graphics name="ORC3L" fgcolor="#000000" bgcolor="#BFFFBF"
             type="rectangle" x="89" y="686" width="45" height="17"/>
    </entry>
    <entry id="7" name="hsa:5001" type="gene"
        link="http://www.genome.jp/dbget-bin/www_bget?hsa+5001">
        <graphics name="ORC5L" fgcolor="#000000" bgcolor="#BFFFBF"
             type="rectangle" x="89" y="703" width="45" height="17"/>
    </entry>
    <entry id="8" name="hsa:5000" type="gene"
        link="http://www.genome.jp/dbget-bin/www_bget?hsa+5000">
        <graphics name="ORC4L" fgcolor="#000000" bgcolor="#BFFFBF"
             type="rectangle" x="134" y="686" width="45" height="17"/>
    </entry>
    <entry id="9" name="hsa:4999" type="gene"
        link="http://www.genome.jp/dbget-bin/www_bget?hsa+4999">
        <graphics name="ORC2L" fgcolor="#000000" bgcolor="#BFFFBF"
             type="rectangle" x="134" y="669" width="45" height="17"/>
    </entry>
    <entry id="10" name="hsa:4998" type="gene"
        link="http://www.genome.jp/dbget-bin/www_bget?hsa+4998">
        <graphics name="ORC1L" fgcolor="#000000" bgcolor="#BFFFBF"
             type="rectangle" x="89" y="669" width="45" height="17"/>
    </entry>
    <entry id="11" name="hsa:4176" type="gene"
        link="http://www.genome.jp/dbget-bin/www_bget?hsa+4176">
        <graphics name="MCM7, MCM2" fgcolor="#000000" bgcolor="#BFFFBF"
             type="rectangle" x="286" y="703" width="45" height="17"/>
    </entry>
    <entry id="12" name="hsa:4175" type="gene"
        link="http://www.genome.jp/dbget-bin/www_bget?hsa+4175">
        <graphics name="MCM6" fgcolor="#000000" bgcolor="#BFFFBF"
             type="rectangle" x="241" y="703" width="45" height="17"/>
    </entry>
    <entry id="13" name="hsa:4174" type="gene"
        link="http://www.genome.jp/dbget-bin/www_bget?hsa+4174">
        <graphics name="MCM5, CDC46" fgcolor="#000000" bgcolor="#BFFFBF"
             type="rectangle" x="286" y="686" width="45" height="17"/>
    </entry>
    <entry id="14" name="hsa:4173" type="gene"
        link="http://www.genome.jp/dbget-bin/www_bget?hsa+4173">
        <graphics name="MCM4, CDC21" fgcolor="#000000" bgcolor="#BFFFBF"
             type="rectangle" x="241" y="686" width="45" height="17"/>
    </entry>
    <entry id="15" name="hsa:4172" type="gene"
        link="http://www.genome.jp/dbget-bin/www_bget?hsa+4172">
        <graphics name="MCM3" fgcolor="#000000" bgcolor="#BFFFBF"
             type="rectangle" x="286" y="669" width="45" height="17"/>
    </entry>
    <entry id="16" name="hsa:4171" type="gene"
        link="http://www.genome.jp/dbget-bin/www_bget?hsa+4171">
        <graphics name="MCM2" fgcolor="#000000" bgcolor="#BFFFBF"
             type="rectangle" x="241" y="669" width="45" height="17"/>
    </entry>
    <entry id="17" name="hsa:983" type="gene"
        link="http://www.genome.jp/dbget-bin/www_bget?hsa+983">
        <graphics name="CDC2" fgcolor="#000000" bgcolor="#BFFFBF"
             type="rectangle" x="779" y="433" width="45" height="17"/>
    </entry>
    <entry id="18" name="hsa:701" type="gene"
        link="http://www.genome.jp/dbget-bin/www_bget?hsa+701">
        <graphics name="BUB1B" fgcolor="#000000" bgcolor="#BFFFBF"
             type="rectangle" x="829" y="228" width="45" height="17"/>
    </entry>
    <entry id="19" name="hsa:5111" type="gene"
        link="http://www.genome.jp/dbget-bin/www_bget?hsa+5111">
        <graphics name="PCNA" fgcolor="#000000" bgcolor="#BFFFBF"
             type="rectangle" x="519" y="324" width="45" height="17"/>
    </entry>
    <entry id="21" name="hsa:25" type="gene"
        link="http://www.genome.jp/dbget-bin/www_bget?hsa+25">
        <graphics name="ABL1, ABL" fgcolor="#000000" bgcolor="#BFFFBF"
             type="rectangle" x="251" y="504" width="45" height="17"/>
    </entry>
    <entry id="22" name="hsa:5347" type="gene"
        link="http://www.genome.jp/dbget-bin/www_bget?hsa+5347">
        <graphics name="PLK1, PLK" fgcolor="#000000" bgcolor="#BFFFBF"
             type="rectangle" x="861" y="433" width="45" height="17"/>
    </entry>
    <entry id="23" name="hsa:472 hsa:545 hsa:651610" type="gene"
        link="http://www.genome.jp/dbget-bin/www_bget?hsa+472+545+651610">
        <graphics name="ATM, ATA, ATDC, ATC, ATD..." fgcolor="#000000" bgcolor="#BFFFBF"
             type="rectangle" x="676" y="144" width="45" height="17"/>
    </entry>
    <entry id="24" name="hsa:10926" type="gene"
        link="http://www.genome.jp/dbget-bin/www_bget?hsa+10926">
        <graphics name="DBF4" fgcolor="#000000" bgcolor="#BFFFBF"
             type="rectangle" x="531" y="584" width="45" height="17"/>
    </entry>
    <entry id="25" name="hsa:7027" type="gene"
        link="http://www.genome.jp/dbget-bin/www_bget?hsa+7027">
        <graphics name="TFDP1" fgcolor="#000000" bgcolor="#BFFFBF"
             type="rectangle" x="348" y="568" width="45" height="17"/>
    </entry>
    <entry id="26" name="hsa:1869 hsa:1870 hsa:1871" type="gene"
        link="http://www.genome.jp/dbget-bin/www_bget?hsa+1869+1870+1871">
        <graphics name="E2F1, RBBP3..." fgcolor="#000000" bgcolor="#BFFFBF"
             type="rectangle" x="348" y="551" width="45" height="17"/>
    </entry>
    <entry id="27" name="hsa:3065 hsa:3066" type="gene"
        link="http://www.genome.jp/dbget-bin/www_bget?hsa+3065+3066">
        <graphics name="HDAC1, RPD3L1..." fgcolor="#000000" bgcolor="#BFFFBF"
             type="rectangle" x="251" y="536" width="45" height="17"/>
    </entry>
    <entry id="28" name="hsa:10459 hsa:4085" type="gene"
        link="http://www.genome.jp/dbget-bin/www_bget?hsa+10459+4085">
        <graphics name="MAD2L2..." fgcolor="#000000" bgcolor="#BFFFBF"
             type="rectangle" x="829" y="262" width="45" height="17"/>
    </entry>
    <entry id="29" name="hsa:699" type="gene"
        link="http://www.genome.jp/dbget-bin/www_bget?hsa+699">
        <graphics name="BUB1, BUB1L" fgcolor="#000000" bgcolor="#BFFFBF"
             type="rectangle" x="829" y="145" width="45" height="17"/>
    </entry>
    <entry id="30" name="hsa:9184" type="gene"
        link="http://www.genome.jp/dbget-bin/www_bget?hsa+9184">
        <graphics name="BUB3" fgcolor="#000000" bgcolor="#BFFFBF"
             type="rectangle" x="829" y="162" width="45" height="17"/>
    </entry>
    <entry id="31" name="hsa:8555 hsa:8556" type="gene"
        link="http://www.genome.jp/dbget-bin/www_bget?hsa+8555+8556">
        <graphics name="CDC14B..." fgcolor="#000000" bgcolor="#BFFFBF"
             type="rectangle" x="919" y="543" width="46" height="17"/>
    </entry>
    <entry id="32" name="hsa:5933 hsa:5934" type="gene"
        link="http://www.genome.jp/dbget-bin/www_bget?hsa+5933+5934">
        <graphics name="RBL1..." fgcolor="#000000" bgcolor="#BFFFBF"
             type="rectangle" x="366" y="521" width="45" height="17"/>
    </entry>
    <entry id="33" name="hsa:10971 hsa:7529 hsa:7531 hsa:7532 hsa:7533 hsa:7534" type="gene"
        link="http://www.genome.jp/dbget-bin/www_bget?hsa+10971+7529+7531+7532+7533+7534">
        <graphics name="YWHAQ..." fgcolor="#000000" bgcolor="#BFFFBF"
             type="rectangle" x="847" y="317" width="45" height="17"/>
    </entry>
    <entry id="34" name="hsa:2810" type="gene"
        link="http://www.genome.jp/dbget-bin/www_bget?hsa+2810">
        <graphics name="SFN" fgcolor="#000000" bgcolor="#BFFFBF"
             type="rectangle" x="612" y="278" width="45" height="17"/>
    </entry>
    <entry id="35" name="hsa:1111 hsa:11200" type="gene"
        link="http://www.genome.jp/dbget-bin/www_bget?hsa+1111+11200">
        <graphics name="CHEK1..." fgcolor="#000000" bgcolor="#BFFFBF"
             type="rectangle" x="714" y="264" width="45" height="17"/>
    </entry>
    <entry id="36" name="hsa:1026" type="gene"
        link="http://www.genome.jp/dbget-bin/www_bget?hsa+1026">
        <graphics name="CDKN1A, CDKN1" fgcolor="#000000" bgcolor="#BFFFBF"
             type="rectangle" x="421" y="278" width="45" height="17"/>
    </entry>
    <entry id="37" name="hsa:5591 hsa:731751" type="gene"
        link="http://www.genome.jp/dbget-bin/www_bget?hsa+5591+731751">
        <graphics name="PRKDC..." fgcolor="#000000" bgcolor="#BFFFBF"
             type="rectangle" x="595" y="146" width="45" height="17"/>
    </entry>
    <entry id="38" name="hsa:4193" type="gene"
        link="http://www.genome.jp/dbget-bin/www_bget?hsa+4193">
        <graphics name="MDM2" fgcolor="#000000" bgcolor="#BFFFBF"
             type="rectangle" x="494" y="144" width="45" height="17"/>
    </entry>
    <entry id="39" name="hsa:1387 hsa:2033" type="gene"
        link="http://www.genome.jp/dbget-bin/www_bget?hsa+1387+2033">
        <graphics name="CREBBP, RSTS..." fgcolor="#000000" bgcolor="#BFFFBF"
             type="rectangle" x="545" y="116" width="45" height="17"/>
    </entry>
    <entry id="40" name="hsa:6502" type="gene"
        link="http://www.genome.jp/dbget-bin/www_bget?hsa+6502">
        <graphics name="SKP2" fgcolor="#000000" bgcolor="#BFFFBF"
             type="rectangle" x="381" y="208" width="45" height="17"/>
    </entry>
    <entry id="41" name="hsa:9088" type="gene"
        link="http://www.genome.jp/dbget-bin/www_bget?hsa+9088">
        <graphics name="PKMYT1" fgcolor="#000000" bgcolor="#BFFFBF"
             type="rectangle" x="762" y="493" width="45" height="17"/>
    </entry>
    <entry id="42" name="hsa:7465" type="gene"
        link="http://www.genome.jp/dbget-bin/www_bget?hsa+7465">
        <graphics name="WEE1" fgcolor="#000000" bgcolor="#BFFFBF"
             type="rectangle" x="703" y="493" width="45" height="17"/>
    </entry>
    <entry id="43" name="hsa:10744 hsa:9232" type="gene"
        link="http://www.genome.jp/dbget-bin/www_bget?hsa+10744+9232">
        <graphics name="PTTG2..." fgcolor="#000000" bgcolor="#BFFFBF"
             type="rectangle" x="918" y="210" width="45" height="17"/>
    </entry>
    <entry id="44" name="hsa:9700" type="gene"
        link="http://www.genome.jp/dbget-bin/www_bget?hsa+9700">
        <graphics name="ESPL1" fgcolor="#000000" bgcolor="#BFFFBF"
             type="rectangle" x="918" y="163" width="45" height="17"/>
    </entry>
    <entry id="45" name="hsa:27127 hsa:8243" type="gene"
        link="http://www.genome.jp/dbget-bin/www_bget?hsa+27127+8243">
        <graphics name="SMC1B, SMC1L2..." fgcolor="#000000" bgcolor="#BFFFBF"
             type="rectangle" x="918" y="117" width="45" height="17"/>
    </entry>
    <entry id="46" name="path:hsa04210" type="map"
        link="http://www.genome.jp/kegg/pathway/hsa/hsa04210.html">
        <graphics name="Apoptosis" fgcolor="#000000" bgcolor="#FFFFFF"
             type="roundrectangle" x="749" y="190" width="69" height="26"/>
    </entry>
    <entry id="47" name="hsa:6502" type="gene"
        link="http://www.genome.jp/dbget-bin/www_bget?hsa+6502">
        <graphics name="SKP2" fgcolor="#000000" bgcolor="#BFFFBF"
             type="rectangle" x="187" y="501" width="45" height="17"/>
    </entry>
    <entry id="48" name="hsa:5925" type="gene"
        link="http://www.genome.jp/dbget-bin/www_bget?hsa+5925">
        <graphics name="RB1" fgcolor="#000000" bgcolor="#BFFFBF"
             type="rectangle" x="636" y="493" width="45" height="17"/>
    </entry>
    <entry id="49" name="hsa:5925" type="gene"
        link="http://www.genome.jp/dbget-bin/www_bget?hsa+5925">
        <graphics name="RB1" fgcolor="#000000" bgcolor="#BFFFBF"
             type="rectangle" x="311" y="521" width="45" height="17"/>
    </entry>
    <entry id="50" name="hsa:10912 hsa:1647 hsa:4616" type="gene"
        link="http://www.genome.jp/dbget-bin/www_bget?hsa+10912+1647+4616">
        <graphics name="GADD45G..." fgcolor="#000000" bgcolor="#BFFFBF"
             type="rectangle" x="519" y="278" width="45" height="17"/>
    </entry>
    <entry id="51" name="hsa:5925" type="gene"
        link="http://www.genome.jp/dbget-bin/www_bget?hsa+5925">
        <graphics name="RB1" fgcolor="#000000" bgcolor="#BFFFBF"
             type="rectangle" x="464" y="208" width="45" height="17"/>
    </entry>
    <entry id="52" name="hsa:7157" type="gene"
        link="http://www.genome.jp/dbget-bin/www_bget?hsa+7157">
        <graphics name="TP53" fgcolor="#000000" bgcolor="#BFFFBF"
             type="rectangle" x="550" y="208" width="45" height="17"/>
    </entry>
    <entry id="53" name="hsa:1027 hsa:1028" type="gene"
        link="http://www.genome.jp/dbget-bin/www_bget?hsa+1027+1028">
        <graphics name="CDKN1B..." fgcolor="#000000" bgcolor="#BFFFBF"
             type="rectangle" x="317" y="278" width="45" height="17"/>
    </entry>
    <entry id="54" name="hsa:1029 hsa:1030 hsa:1031 hsa:1032" type="gene"
        link="http://www.genome.jp/dbget-bin/www_bget?hsa+1029+1030+1031+1032">
        <graphics name="CDKN2A, CDKN2, MLM..." fgcolor="#000000" bgcolor="#BFFFBF"
             type="rectangle" x="255" y="278" width="45" height="17"/>
    </entry>
    <entry id="55" name="hsa:7040 hsa:7042 hsa:7043" type="gene"
        link="http://www.genome.jp/dbget-bin/www_bget?hsa+7040+7042+7043">
        <graphics name="TGFB1, TGFB, DPD1..." fgcolor="#000000" bgcolor="#BFFFBF"
             type="rectangle" x="291" y="132" width="45" height="17"/>
    </entry>
    <entry id="56" name="hsa:4089" type="gene"
        link="http://www.genome.jp/dbget-bin/www_bget?hsa+4089">
        <graphics name="SMAD4, MADH4" fgcolor="#000000" bgcolor="#BFFFBF"
             type="rectangle" x="291" y="202" width="45" height="17"/>
    </entry>
    <entry id="57" name="hsa:4087 hsa:4088" type="gene"
        link="http://www.genome.jp/dbget-bin/www_bget?hsa+4087+4088">
        <graphics name="SMAD2, MADH2..." fgcolor="#000000" bgcolor="#BFFFBF"
             type="rectangle" x="291" y="185" width="45" height="17"/>
    </entry>
    <entry id="58" name="hsa:8317" type="gene"
        link="http://www.genome.jp/dbget-bin/www_bget?hsa+8317">
        <graphics name="CDC7, CDC7L1" fgcolor="#000000" bgcolor="#BFFFBF"
             type="rectangle" x="531" y="567" width="45" height="17"/>
    </entry>
    <entry id="59" name="path:hsa04120" type="map"
        link="http://www.genome.jp/kegg/pathway/hsa/hsa04120.html">
        <graphics name="Ubiquitin mediated proteolysis" fgcolor="#000000" bgcolor="#FFFFFF"
             type="roundrectangle" x="977" y="364" width="76" height="71"/>
    </entry>
    <entry id="60" name="hsa:991" type="gene"
        link="http://www.genome.jp/dbget-bin/www_bget?hsa+991">
        <graphics name="CDC20" fgcolor="#000000" bgcolor="#BFFFBF"
             type="rectangle" x="918" y="279" width="45" height="17"/>
    </entry>
    <entry id="61" name="hsa:994 hsa:995" type="gene"
        link="http://www.genome.jp/dbget-bin/www_bget?hsa+994+995">
        <graphics name="CDC25B..." fgcolor="#000000" bgcolor="#BFFFBF"
             type="rectangle" x="827" y="367" width="45" height="17"/>
    </entry>
    <entry id="62" name="hsa:8318" type="gene"
        link="http://www.genome.jp/dbget-bin/www_bget?hsa+8318">
        <graphics name="CDC45L, CDC45L2" fgcolor="#000000" bgcolor="#BFFFBF"
             type="rectangle" x="552" y="486" width="45" height="17"/>
    </entry>
    <entry id="63" name="hsa:990" type="gene"
        link="http://www.genome.jp/dbget-bin/www_bget?hsa+990">
        <graphics name="CDC6, CDC18L" fgcolor="#000000" bgcolor="#BFFFBF"
             type="rectangle" x="493" y="486" width="45" height="17"/>
    </entry>
    <entry id="64" name="hsa:993" type="gene"
        link="http://www.genome.jp/dbget-bin/www_bget?hsa+993">
        <graphics name="CDC25A" fgcolor="#000000" bgcolor="#BFFFBF"
             type="rectangle" x="613" y="367" width="45" height="17"/>
    </entry>
    <entry id="65" name="hsa:2932" type="gene"
        link="http://www.genome.jp/dbget-bin/www_bget?hsa+2932">
        <graphics name="GSK3B" fgcolor="#000000" bgcolor="#BFFFBF"
             type="rectangle" x="196" y="132" width="45" height="17"/>
    </entry>
    <entry id="66" name="hsa:983" type="gene"
        link="http://www.genome.jp/dbget-bin/www_bget?hsa+983">
        <graphics name="CDC2" fgcolor="#000000" bgcolor="#BFFFBF"
             type="rectangle" x="688" y="433" width="45" height="17"/>
    </entry>
    <entry id="67" name="hsa:85417 hsa:891 hsa:9133" type="gene"
        link="http://www.genome.jp/dbget-bin/www_bget?hsa+85417+891+9133">
        <graphics name="CCNB3..." fgcolor="#000000" bgcolor="#BFFFBF"
             type="rectangle" x="779" y="416" width="45" height="17"/>
    </entry>
    <entry id="68" name="hsa:890 hsa:8900" type="gene"
        link="http://www.genome.jp/dbget-bin/www_bget?hsa+890+8900">
        <graphics name="CCNA2..." fgcolor="#000000" bgcolor="#BFFFBF"
             type="rectangle" x="688" y="416" width="45" height="17"/>
    </entry>
    <entry id="69" name="hsa:1022" type="gene"
        link="http://www.genome.jp/dbget-bin/www_bget?hsa+1022">
        <graphics name="CDK7" fgcolor="#000000" bgcolor="#BFFFBF"
             type="rectangle" x="551" y="433" width="45" height="17"/>
    </entry>
    <entry id="70" name="hsa:1017" type="gene"
        link="http://www.genome.jp/dbget-bin/www_bget?hsa+1017">
        <graphics name="CDK2" fgcolor="#000000" bgcolor="#BFFFBF"
             type="rectangle" x="465" y="433" width="45" height="17"/>
    </entry>
    <entry id="71" name="hsa:1017" type="gene"
        link="http://www.genome.jp/dbget-bin/www_bget?hsa+1017">
        <graphics name="CDK2" fgcolor="#000000" bgcolor="#BFFFBF"
             type="rectangle" x="373" y="433" width="45" height="17"/>
    </entry>
    <entry id="72" name="hsa:1019 hsa:1021" type="gene"
        link="http://www.genome.jp/dbget-bin/www_bget?hsa+1019+1021">
        <graphics name="CDK4..." fgcolor="#000000" bgcolor="#BFFFBF"
             type="rectangle" x="277" y="433" width="45" height="17"/>
    </entry>
    <entry id="73" name="hsa:902" type="gene"
        link="http://www.genome.jp/dbget-bin/www_bget?hsa+902">
        <graphics name="CCNH" fgcolor="#000000" bgcolor="#BFFFBF"
             type="rectangle" x="551" y="416" width="45" height="17"/>
    </entry>
    <entry id="74" name="hsa:890 hsa:8900" type="gene"
        link="http://www.genome.jp/dbget-bin/www_bget?hsa+890+8900">
        <graphics name="CCNA2..." fgcolor="#000000" bgcolor="#BFFFBF"
             type="rectangle" x="465" y="416" width="45" height="17"/>
    </entry>
    <entry id="75" name="hsa:898 hsa:9134" type="gene"
        link="http://www.genome.jp/dbget-bin/www_bget?hsa+898+9134">
        <graphics name="CCNE1, CCNE..." fgcolor="#000000" bgcolor="#BFFFBF"
             type="rectangle" x="373" y="416" width="45" height="17"/>
    </entry>
    <entry id="76" name="hsa:595 hsa:894 hsa:896" type="gene"
        link="http://www.genome.jp/dbget-bin/www_bget?hsa+595+894+896">
        <graphics name="CCND1, BCL1, D11S287E, PRAD1..." fgcolor="#000000" bgcolor="#BFFFBF"
             type="rectangle" x="277" y="416" width="45" height="17"/>
    </entry>
    <entry id="77" name="path:hsa04010" type="map"
        link="http://www.genome.jp/kegg/pathway/hsa/hsa04010.html">
        <graphics name="MAPK signaling pathway" fgcolor="#000000" bgcolor="#FFFFFF"
             type="roundrectangle" x="112" y="229" width="56" height="125"/>
    </entry>
    <entry id="78" name="path:hsa04110" type="map"
        link="http://www.genome.jp/dbget-bin/get_linkdb?pathway+hsa04110">
        <graphics name="TITLE:Cell cycle" fgcolor="#000000" bgcolor="#FFFFFF"
             type="roundrectangle" x="88" y="35" width="115" height="26"/>
    </entry>
    <entry id="79" name="hsa:8379" type="gene"
        link="http://www.genome.jp/dbget-bin/www_bget?hsa+8379">
        <graphics name="MAD1L1" fgcolor="#000000" bgcolor="#BFFFBF"
             type="rectangle" x="829" y="245" width="45" height="17"/>
    </entry>
    <entry id="80" name="hsa:23594 hsa:23595 hsa:4998 hsa:4999 hsa:5000 hsa:5001" type="group"
        link="http://www.genome.jp/dbget-bin/www_bget?hsa+23594+23595+4998+4999+5000+5001">
        <graphics name="23594..." fgcolor="#000000" bgcolor="#BFFFBF"
             type="rectangle" x="493" y="520" width="45" height="28"/>
        <component id="5"/>
        <component id="6"/>
        <component id="7"/>
        <component id="8"/>
        <component id="9"/>
        <component id="10"/>
    </entry>
    <entry id="81" name="hsa:4171 hsa:4172 hsa:4173 hsa:4174 hsa:4175 hsa:4176" type="group"
        link="http://www.genome.jp/dbget-bin/www_bget?hsa+4171+4172+4173+4174+4175+4176">
        <graphics name="4171..." fgcolor="#000000" bgcolor="#BFFFBF"
             type="rectangle" x="552" y="520" width="45" height="28"/>
        <component id="11"/>
        <component id="12"/>
        <component id="13"/>
        <component id="14"/>
        <component id="15"/>
        <component id="16"/>
    </entry>
    <entry id="82" name="undefined" type="group">
        <graphics fgcolor="#000000" bgcolor="#FFFFFF"
             type="rectangle" x="291" y="194" width="65" height="54"/>
        <component id="56"/>
        <component id="57"/>
    </entry>
    <entry id="83" name="undefined" type="group">
        <graphics fgcolor="#000000" bgcolor="#FFFFFF"
             type="rectangle" x="277" y="425" width="65" height="54"/>
        <component id="72"/>
        <component id="76"/>
    </entry>
    <entry id="85" name="undefined" type="group">
        <graphics fgcolor="#000000" bgcolor="#FFFFFF"
             type="rectangle" x="373" y="425" width="65" height="54"/>
        <component id="71"/>
        <component id="75"/>
    </entry>
    <entry id="87" name="undefined" type="group">
        <graphics fgcolor="#000000" bgcolor="#FFFFFF"
             type="rectangle" x="465" y="425" width="65" height="54"/>
        <component id="70"/>
        <component id="74"/>
    </entry>
    <entry id="88" name="undefined" type="group">
        <graphics fgcolor="#000000" bgcolor="#FFFFFF"
             type="rectangle" x="551" y="425" width="65" height="54"/>
        <component id="69"/>
        <component id="73"/>
    </entry>
    <entry id="89" name="undefined" type="group">
        <graphics fgcolor="#000000" bgcolor="#FFFFFF"
             type="rectangle" x="531" y="576" width="65" height="54"/>
        <component id="24"/>
        <component id="58"/>
    </entry>
    <entry id="90" name="undefined" type="group">
        <graphics fgcolor="#000000" bgcolor="#FFFFFF"
             type="rectangle" x="688" y="425" width="65" height="54"/>
        <component id="66"/>
        <component id="68"/>
    </entry>
    <entry id="91" name="undefined" type="group">
        <graphics fgcolor="#000000" bgcolor="#FFFFFF"
             type="rectangle" x="779" y="425" width="65" height="54"/>
        <component id="17"/>
        <component id="67"/>
    </entry>
    <entry id="94" name="undefined" type="group">
        <graphics fgcolor="#000000" bgcolor="#FFFFFF"
             type="rectangle" x="829" y="154" width="65" height="54"/>
        <component id="29"/>
        <component id="30"/>
    </entry>
    <entry id="95" name="undefined" type="group">
        <graphics fgcolor="#000000" bgcolor="#FFFFFF"
             type="rectangle" x="829" y="245" width="65" height="71"/>
        <component id="18"/>
        <component id="28"/>
        <component id="79"/>
    </entry>
    <entry id="97" name="undefined" type="group">
        <graphics fgcolor="#000000" bgcolor="#FFFFFF"
             type="rectangle" x="348" y="560" width="65" height="54"/>
        <component id="25"/>
        <component id="26"/>
    </entry>
    <entry id="136" name="hsa:51343" type="gene"
        link="http://www.genome.jp/dbget-bin/www_bget?hsa+51343">
        <graphics name="FZR1" fgcolor="#000000" bgcolor="#BFFFBF"
             type="rectangle" x="918" y="501" width="45" height="17"/>
    </entry>
    <entry id="137" name="undefined" type="group">
        <graphics fgcolor="#000000" bgcolor="#FFFFFF"
             type="rectangle" x="187" y="487" width="65" height="65"/>
        <component id="3"/>
        <component id="47"/>
    </entry>
    <entry id="138" name="undefined" type="group">
        <graphics fgcolor="#000000" bgcolor="#FFFFFF"
             type="rectangle" x="381" y="194" width="65" height="65"/>
        <component id="4"/>
        <component id="40"/>
    </entry>
    <entry id="139" name="undefined" type="group">
        <graphics fgcolor="#000000" bgcolor="#FFFFFF"
             type="rectangle" x="918" y="487" width="65" height="65"/>
        <component id="2"/>
        <component id="136"/>
    </entry>
    <entry id="140" name="undefined" type="group">
        <graphics fgcolor="#000000" bgcolor="#FFFFFF"
             type="rectangle" x="918" y="265" width="65" height="65"/>
        <component id="1"/>
        <component id="60"/>
    </entry>
    <entry id="141" name="hsa:1029" type="gene"
        link="http://www.genome.jp/dbget-bin/www_bget?hsa+1029">
        <graphics name="CDKN2A, CDKN2, MLM" fgcolor="#000000" bgcolor="#BFFFBF"
             type="rectangle" x="494" y="89" width="45" height="17"/>
    </entry>
    <relation entry1="55" entry2="82" type="PPrel">
        <subtype name="indirect" value="..>"/>
    </relation>
    <relation entry1="82" entry2="54" type="GErel">
        <subtype name="expression" value="-->"/>
    </relation>
    <relation entry1="82" entry2="53" type="GErel">
        <subtype name="expression" value="-->"/>
    </relation>
    <relation entry1="65" entry2="76" type="PPrel">
        <subtype name="inhibition" value="--|"/>
        <subtype name="phosphorylation" value="+p"/>
    </relation>
    <relation entry1="52" entry2="36" type="GErel">
        <subtype name="expression" value="-->"/>
    </relation>
    <relation entry1="52" entry2="50" type="GErel">
        <subtype name="expression" value="-->"/>
    </relation>
    <relation entry1="52" entry2="34" type="GErel">
        <subtype name="expression" value="-->"/>
    </relation>
    <relation entry1="50" entry2="19" type="PPrel">
        <subtype name="activation" value="-->"/>
    </relation>
    <relation entry1="38" entry2="51" type="PPrel">
        <subtype name="inhibition" value="--|"/>
    </relation>
    <relation entry1="38" entry2="52" type="PPrel">
        <subtype name="inhibition" value="--|"/>
    </relation>
    <relation entry1="39" entry2="52" type="PPrel">
        <subtype name="activation" value="-->"/>
    </relation>
    <relation entry1="37" entry2="52" type="PPrel">
        <subtype name="activation" value="-->"/>
    </relation>
    <relation entry1="35" entry2="52" type="PPrel">
        <subtype name="phosphorylation" value="+p"/>
    </relation>
    <relation entry1="35" entry2="64" type="PPrel">
        <subtype name="inhibition" value="--|"/>
        <subtype name="phosphorylation" value="+p"/>
    </relation>
    <relation entry1="64" entry2="72" type="PPrel">
        <subtype name="dephosphorylation" value="-p"/>
    </relation>
    <relation entry1="64" entry2="71" type="PPrel">
        <subtype name="dephosphorylation" value="-p"/>
    </relation>
    <relation entry1="64" entry2="70" type="PPrel">
        <subtype name="dephosphorylation" value="-p"/>
    </relation>
    <relation entry1="64" entry2="66" type="PPrel">
        <subtype name="dephosphorylation" value="-p"/>
    </relation>
    <relation entry1="35" entry2="61" type="PPrel">
        <subtype name="inhibition" value="--|"/>
        <subtype name="phosphorylation" value="+p"/>
    </relation>
    <relation entry1="94" entry2="95" type="PPrel">
        <subtype name="activation" value="-->"/>
    </relation>
    <relation entry1="43" entry2="44" type="PPrel">
        <subtype name="inhibition" value="--|"/>
    </relation>
    <relation entry1="44" entry2="45" type="PPrel">
        <subtype name="inhibition" value="--|"/>
    </relation>
    <relation entry1="21" entry2="49" type="PPrel">
        <subtype name="binding/association" value="---"/>
    </relation>
    <relation entry1="27" entry2="49" type="PPrel">
        <subtype name="binding/association" value="---"/>
    </relation>
    <relation entry1="33" entry2="61" type="PPrel">
        <subtype name="binding/association" value="---"/>
    </relation>
    <relation entry1="85" entry2="53" type="PPrel">
        <subtype name="inhibition" value="--|"/>
        <subtype name="phosphorylation" value="+p"/>
    </relation>
    <relation entry1="69" entry2="66" type="PPrel">
        <subtype name="activation" value="-->"/>
        <subtype name="phosphorylation" value="+p"/>
    </relation>
    <relation entry1="83" entry2="49" type="PPrel">
        <subtype name="inhibition" value="--|"/>
        <subtype name="phosphorylation" value="+p"/>
    </relation>
    <relation entry1="85" entry2="49" type="PPrel">
        <subtype name="inhibition" value="--|"/>
        <subtype name="phosphorylation" value="+p"/>
    </relation>
    <relation entry1="87" entry2="49" type="PPrel">
        <subtype name="inhibition" value="--|"/>
        <subtype name="phosphorylation" value="+p"/>
    </relation>
    <relation entry1="83" entry2="32" type="PPrel">
        <subtype name="inhibition" value="--|"/>
        <subtype name="phosphorylation" value="+p"/>
    </relation>
    <relation entry1="87" entry2="63" type="PPrel">
        <subtype name="inhibition" value="--|"/>
        <subtype name="phosphorylation" value="+p"/>
    </relation>
    <relation entry1="88" entry2="71" type="PPrel">
        <subtype name="phosphorylation" value="+p"/>
    </relation>
    <relation entry1="90" entry2="48" type="PPrel">
        <subtype name="phosphorylation" value="+p"/>
    </relation>
    <relation entry1="42" entry2="66" type="PPrel">
        <subtype name="inhibition" value="--|"/>
        <subtype name="phosphorylation" value="+p"/>
    </relation>
    <relation entry1="41" entry2="66" type="PPrel">
        <subtype name="inhibition" value="--|"/>
        <subtype name="phosphorylation" value="+p"/>
    </relation>
    <relation entry1="42" entry2="17" type="PPrel">
        <subtype name="inhibition" value="--|"/>
        <subtype name="phosphorylation" value="+p"/>
    </relation>
    <relation entry1="41" entry2="17" type="PPrel">
        <subtype name="inhibition" value="--|"/>
        <subtype name="phosphorylation" value="+p"/>
    </relation>
    <relation entry1="22" entry2="61" type="PPrel">
        <subtype name="phosphorylation" value="+p"/>
    </relation>
    <relation entry1="49" entry2="97" type="PPrel">
        <subtype name="dissociation" value="-+-"/>
    </relation>
    <relation entry1="32" entry2="97" type="PPrel">
        <subtype name="dissociation" value="-+-"/>
    </relation>
    <relation entry1="97" entry2="75" type="GErel">
        <subtype name="expression" value="-->"/>
    </relation>
    <relation entry1="22" entry2="41" type="PPrel">
        <subtype name="inhibition" value="--|"/>
        <subtype name="phosphorylation" value="+p"/>
    </relation>
    <relation entry1="63" entry2="80" type="PPrel">
        <subtype name="binding/association" value="---"/>
    </relation>
    <relation entry1="80" entry2="81" type="PPrel">
        <subtype name="binding/association" value="---"/>
    </relation>
    <relation entry1="62" entry2="81" type="PPrel">
        <subtype name="binding/association" value="---"/>
    </relation>
    <relation entry1="89" entry2="81" type="PPrel">
        <subtype name="phosphorylation" value="+p"/>
    </relation>
    <relation entry1="91" entry2="22" type="PPrel">
        <subtype name="phosphorylation" value="+p"/>
    </relation>
    <relation entry1="61" entry2="17" type="PPrel">
        <subtype name="dephosphorylation" value="-p"/>
    </relation>
    <relation entry1="53" entry2="83" type="PPrel">
        <subtype name="inhibition" value="--|"/>
    </relation>
    <relation entry1="53" entry2="87" type="PPrel">
        <subtype name="inhibition" value="--|"/>
    </relation>
    <relation entry1="36" entry2="83" type="PPrel">
        <subtype name="inhibition" value="--|"/>
    </relation>
    <relation entry1="36" entry2="85" type="PPrel">
        <subtype name="inhibition" value="--|"/>
    </relation>
    <relation entry1="36" entry2="87" type="PPrel">
        <subtype name="inhibition" value="--|"/>
    </relation>
    <relation entry1="19" entry2="83" type="PPrel">
        <subtype name="inhibition" value="--|"/>
    </relation>
    <relation entry1="54" entry2="83" type="PPrel">
        <subtype name="inhibition" value="--|"/>
    </relation>
    <relation entry1="34" entry2="67" type="PPrel">
        <subtype name="inhibition" value="--|"/>
    </relation>
    <relation entry1="50" entry2="67" type="PPrel">
        <subtype name="inhibition" value="--|"/>
    </relation>
    <relation entry1="87" entry2="26" type="PPrel">
        <subtype name="inhibition" value="--|"/>
        <subtype name="phosphorylation" value="+p"/>
    </relation>
    <relation entry1="137" entry2="85" type="PPrel">
        <subtype name="ubiquination" value="+u"/>
    </relation>
    <relation entry1="138" entry2="53" type="PPrel">
        <subtype name="ubiquination" value="+u"/>
    </relation>
    <relation entry1="138" entry2="36" type="PPrel">
        <subtype name="ubiquination" value="+u"/>
    </relation>
    <relation entry1="140" entry2="43" type="PPrel">
        <subtype name="ubiquination" value="+u"/>
    </relation>
    <relation entry1="140" entry2="139" type="PPrel">
        <subtype name="activation" value="-->"/>
    </relation>
    <relation entry1="95" entry2="140" type="PPrel">
        <subtype name="inhibition" value="--|"/>
    </relation>
    <relation entry1="139" entry2="91" type="PPrel">
        <subtype name="ubiquination" value="+u"/>
    </relation>
    <relation entry1="31" entry2="139" type="PPrel">
        <subtype name="dephosphorylation" value="-p"/>
    </relation>
    <relation entry1="141" entry2="38" type="PPrel">
        <subtype name="inhibition" value="--|"/>
    </relation>
    <relation entry1="23" entry2="52" type="PPrel">
        <subtype name="phosphorylation" value="+p"/>
    </relation>
    <relation entry1="23" entry2="35" type="PPrel">
        <subtype name="phosphorylation" value="+p"/>
    </relation>
</pathway>
