<?xml version="1.0"?>
<!DOCTYPE pathway SYSTEM "http://www.genome.jp/kegg/xml/KGML_v0.6.1_.dtd">
<!-- Creation date: Jul 30 2008 19:30:25 +0900 (JST) -->
<pathway name="path:hsa05212" org="hsa" number="05212"
         title="Pancreatic cancer"
         image="http://www.genome.jp/kegg/pathway/hsa/hsa05212.gif"
         link="http://www.genome.jp/dbget-bin/show_pathway?hsa05212">
    <entry id="1" name="path:hsa04115" type="map"
        link="http://www.genome.jp/kegg/pathway/hsa/hsa04115.html">
        <graphics name="p53 signaling pathway" fgcolor="#000000" bgcolor="#FFFFFF"
             type="roundrectangle" x="723" y="696" width="103" height="38"/>
    </entry>
    <entry id="2" name="path:hsa04012" type="map"
        link="http://www.genome.jp/kegg/pathway/hsa/hsa04012.html">
        <graphics name="ErbB signaling pathway" fgcolor="#000000" bgcolor="#FFFFFF"
             type="roundrectangle" x="195" y="533" width="103" height="38"/>
    </entry>
    <entry id="3" name="cpd:C05981" type="compound"
        link="http://www.genome.jp/dbget-bin/www_bget?compound+C05981">
        <graphics name="C05981" fgcolor="#000000" bgcolor="#FFFFFF"
             type="circle" x="440" y="193" width="8" height="8"/>
    </entry>
    <entry id="4" name="cpd:C00416" type="compound"
        link="http://www.genome.jp/dbget-bin/www_bget?compound+C00416">
        <graphics name="C00416" fgcolor="#000000" bgcolor="#FFFFFF"
             type="circle" x="661" y="385" width="8" height="8"/>
    </entry>
    <entry id="5" name="cpd:C05981" type="compound"
        link="http://www.genome.jp/dbget-bin/www_bget?compound+C05981">
        <graphics name="C05981" fgcolor="#000000" bgcolor="#FFFFFF"
             type="circle" x="414" y="468" width="8" height="8"/>
    </entry>
    <entry id="6" name="hsa:4790 hsa:4791 hsa:5970" type="gene"
        link="http://www.genome.jp/dbget-bin/www_bget?hsa+4790+4791+5970">
        <graphics name="NFKB1..." fgcolor="#000000" bgcolor="#BFFFBF"
             type="rectangle" x="563" y="492" width="45" height="17"/>
    </entry>
    <entry id="7" name="hsa:598" type="gene"
        link="http://www.genome.jp/dbget-bin/www_bget?hsa+598">
        <graphics name="BCL2L1" fgcolor="#000000" bgcolor="#BFFFBF"
             type="rectangle" x="563" y="450" width="45" height="17"/>
    </entry>
    <entry id="8" name="path:hsa04630" type="map"
        link="http://www.genome.jp/kegg/pathway/hsa/hsa04630.html">
        <graphics name="Jak-STAT signaling pathway" fgcolor="#000000" bgcolor="#FFFFFF"
             type="roundrectangle" x="368" y="551" width="112" height="39"/>
    </entry>
    <entry id="9" name="path:hsa04370" type="map"
        link="http://www.genome.jp/kegg/pathway/hsa/hsa04370.html">
        <graphics name="VEGF signaling pathway" fgcolor="#000000" bgcolor="#FFFFFF"
             type="roundrectangle" x="1040" y="494" width="103" height="38"/>
    </entry>
    <entry id="10" name="hsa:7040 hsa:7042 hsa:7043" type="gene"
        link="http://www.genome.jp/dbget-bin/www_bget?hsa+7040+7042+7043">
        <graphics name="TGFB1, TGFB, DPD1..." fgcolor="#000000" bgcolor="#BFFFBF"
             type="rectangle" x="194" y="754" width="45" height="17"/>
    </entry>
    <entry id="11" name="hsa:7048" type="gene"
        link="http://www.genome.jp/dbget-bin/www_bget?hsa+7048">
        <graphics name="TGFBR2" fgcolor="#000000" bgcolor="#BFFFBF"
             type="rectangle" x="275" y="762" width="45" height="17"/>
    </entry>
    <entry id="12" name="hsa:130399 hsa:7046 hsa:91" type="gene"
        link="http://www.genome.jp/dbget-bin/www_bget?hsa+130399+7046+91">
        <graphics name="ACVR1C..." fgcolor="#000000" bgcolor="#BFFFBF"
             type="rectangle" x="275" y="745" width="45" height="17"/>
    </entry>
    <entry id="13" name="hsa:4089" type="gene"
        link="http://www.genome.jp/dbget-bin/www_bget?hsa+4089">
        <graphics name="SMAD4, MADH4" fgcolor="#000000" bgcolor="#BFFFBF"
             type="rectangle" x="426" y="787" width="45" height="17"/>
    </entry>
    <entry id="14" name="hsa:4087 hsa:4088" type="gene"
        link="http://www.genome.jp/dbget-bin/www_bget?hsa+4087+4088">
        <graphics name="SMAD2, MADH2..." fgcolor="#000000" bgcolor="#BFFFBF"
             type="rectangle" x="426" y="755" width="45" height="17"/>
    </entry>
    <entry id="15" name="hsa:5888" type="gene"
        link="http://www.genome.jp/dbget-bin/www_bget?hsa+5888">
        <graphics name="RAD51, RAD51A, RECA" fgcolor="#000000" bgcolor="#BFFFBF"
             type="rectangle" x="898" y="796" width="45" height="17"/>
    </entry>
    <entry id="16" name="hsa:675" type="gene"
        link="http://www.genome.jp/dbget-bin/www_bget?hsa+675">
        <graphics name="BRCA2, FANCD1, FACD, FANCD" fgcolor="#000000" bgcolor="#BFFFBF"
             type="rectangle" x="898" y="779" width="45" height="17"/>
    </entry>
    <entry id="17" name="hsa:7157" type="gene"
        link="http://www.genome.jp/dbget-bin/www_bget?hsa+7157">
        <graphics name="TP53" fgcolor="#000000" bgcolor="#BFFFBF"
             type="rectangle" x="898" y="694" width="45" height="17"/>
    </entry>
    <entry id="18" name="hsa:1869 hsa:1870 hsa:1871" type="gene"
        link="http://www.genome.jp/dbget-bin/www_bget?hsa+1869+1870+1871">
        <graphics name="E2F1, RBBP3..." fgcolor="#000000" bgcolor="#BFFFBF"
             type="rectangle" x="991" y="642" width="45" height="17"/>
    </entry>
    <entry id="19" name="hsa:5925" type="gene"
        link="http://www.genome.jp/dbget-bin/www_bget?hsa+5925">
        <graphics name="RB1" fgcolor="#000000" bgcolor="#BFFFBF"
             type="rectangle" x="991" y="605" width="45" height="17"/>
    </entry>
    <entry id="20" name="hsa:2277 hsa:5228 hsa:7422 hsa:7423 hsa:7424" type="gene"
        link="http://www.genome.jp/dbget-bin/www_bget?hsa+2277+5228+7422+7423+7424">
        <graphics name="FIGF, VEGFD..." fgcolor="#000000" bgcolor="#BFFFBF"
             type="rectangle" x="981" y="529" width="45" height="17"/>
    </entry>
    <entry id="21" name="hsa:23533 hsa:5290 hsa:5291 hsa:5293 hsa:5294 hsa:5295 hsa:5296 hsa:8503" type="gene"
        link="http://www.genome.jp/dbget-bin/www_bget?hsa+23533+5290+5291+5293+5294+5295+5296+8503">
        <graphics name="PIK3R5..." fgcolor="#000000" bgcolor="#BFFFBF"
             type="rectangle" x="351" y="467" width="45" height="17"/>
    </entry>
    <entry id="22" name="hsa:10000 hsa:207 hsa:208" type="gene"
        link="http://www.genome.jp/dbget-bin/www_bget?hsa+10000+207+208">
        <graphics name="AKT3..." fgcolor="#000000" bgcolor="#BFFFBF"
             type="rectangle" x="479" y="467" width="45" height="17"/>
    </entry>
    <entry id="23" name="hsa:598" type="gene"
        link="http://www.genome.jp/dbget-bin/www_bget?hsa+598">
        <graphics name="BCL2L1" fgcolor="#000000" bgcolor="#BFFFBF"
             type="rectangle" x="670" y="195" width="45" height="17"/>
    </entry>
    <entry id="24" name="hsa:9459" type="gene"
        link="http://www.genome.jp/dbget-bin/www_bget?hsa+9459">
        <graphics name="ARHGEF6" fgcolor="#000000" bgcolor="#BFFFBF"
             type="rectangle" x="513" y="131" width="45" height="17"/>
    </entry>
    <entry id="25" name="hsa:1956" type="gene"
        link="http://www.genome.jp/dbget-bin/www_bget?hsa+1956">
        <graphics name="EGFR, ERBB" fgcolor="#000000" bgcolor="#BFFFBF"
             type="rectangle" x="275" y="484" width="45" height="17"/>
    </entry>
    <entry id="26" name="hsa:1019 hsa:1021" type="gene"
        link="http://www.genome.jp/dbget-bin/www_bget?hsa+1019+1021">
        <graphics name="CDK4..." fgcolor="#000000" bgcolor="#BFFFBF"
             type="rectangle" x="908" y="595" width="45" height="17"/>
    </entry>
    <entry id="27" name="hsa:5337" type="gene"
        link="http://www.genome.jp/dbget-bin/www_bget?hsa+5337">
        <graphics name="PLD1" fgcolor="#000000" bgcolor="#BFFFBF"
             type="rectangle" x="598" y="385" width="46" height="17"/>
    </entry>
    <entry id="28" name="hsa:10928" type="gene"
        link="http://www.genome.jp/dbget-bin/www_bget?hsa+10928">
        <graphics name="RALBP1" fgcolor="#000000" bgcolor="#BFFFBF"
             type="rectangle" x="597" y="358" width="45" height="17"/>
    </entry>
    <entry id="29" name="path:hsa04210" type="map"
        link="http://www.genome.jp/kegg/pathway/hsa/hsa04210.html">
        <graphics name="Apoptosis" fgcolor="#000000" bgcolor="#FFFFFF"
             type="roundrectangle" x="861" y="215" width="102" height="38"/>
    </entry>
    <entry id="30" name="hsa:595" type="gene"
        link="http://www.genome.jp/dbget-bin/www_bget?hsa+595">
        <graphics name="CCND1, BCL1, D11S287E, PRAD1" fgcolor="#000000" bgcolor="#BFFFBF"
             type="rectangle" x="908" y="612" width="45" height="17"/>
    </entry>
    <entry id="31" name="path:hsa04010" type="map"
        link="http://www.genome.jp/kegg/pathway/hsa/hsa04010.html">
        <graphics name="MAPK signaling pathway" fgcolor="#000000" bgcolor="#FFFFFF"
             type="roundrectangle" x="600" y="316" width="102" height="38"/>
    </entry>
    <entry id="32" name="hsa:5879 hsa:5880 hsa:5881" type="gene"
        link="http://www.genome.jp/dbget-bin/www_bget?hsa+5879+5880+5881">
        <graphics name="RAC1..." fgcolor="#000000" bgcolor="#BFFFBF"
             type="rectangle" x="616" y="120" width="45" height="17"/>
    </entry>
    <entry id="33" name="hsa:4790 hsa:4791 hsa:5970" type="gene"
        link="http://www.genome.jp/dbget-bin/www_bget?hsa+4790+4791+5970">
        <graphics name="NFKB1..." fgcolor="#000000" bgcolor="#BFFFBF"
             type="rectangle" x="716" y="146" width="45" height="17"/>
    </entry>
    <entry id="34" name="hsa:10000 hsa:207 hsa:208" type="gene"
        link="http://www.genome.jp/dbget-bin/www_bget?hsa+10000+207+208">
        <graphics name="AKT3..." fgcolor="#000000" bgcolor="#BFFFBF"
             type="rectangle" x="513" y="195" width="45" height="17"/>
    </entry>
    <entry id="35" name="hsa:5900" type="gene"
        link="http://www.genome.jp/dbget-bin/www_bget?hsa+5900">
        <graphics name="RALGDS" fgcolor="#000000" bgcolor="#BFFFBF"
             type="rectangle" x="442" y="358" width="45" height="17"/>
    </entry>
    <entry id="36" name="hsa:2064" type="gene"
        link="http://www.genome.jp/dbget-bin/www_bget?hsa+2064">
        <graphics name="ERBB2, NGL" fgcolor="#000000" bgcolor="#BFFFBF"
             type="rectangle" x="275" y="501" width="45" height="17"/>
    </entry>
    <entry id="37" name="hsa:23533 hsa:5290 hsa:5291 hsa:5293 hsa:5294 hsa:5295 hsa:5296 hsa:8503" type="gene"
        link="http://www.genome.jp/dbget-bin/www_bget?hsa+23533+5290+5291+5293+5294+5295+5296+8503">
        <graphics name="PIK3R5..." fgcolor="#000000" bgcolor="#BFFFBF"
             type="rectangle" x="411" y="233" width="45" height="17"/>
    </entry>
    <entry id="38" name="hsa:1029" type="gene"
        link="http://www.genome.jp/dbget-bin/www_bget?hsa+1029">
        <graphics name="CDKN2A, CDKN2, MLM" fgcolor="#000000" bgcolor="#BFFFBF"
             type="rectangle" x="845" y="574" width="45" height="17"/>
    </entry>
    <entry id="39" name="hsa:5898 hsa:5899" type="gene"
        link="http://www.genome.jp/dbget-bin/www_bget?hsa+5898+5899">
        <graphics name="RALA, RAL..." fgcolor="#000000" bgcolor="#BFFFBF"
             type="rectangle" x="520" y="358" width="45" height="17"/>
    </entry>
    <entry id="40" name="hsa:3716" type="gene"
        link="http://www.genome.jp/dbget-bin/www_bget?hsa+3716">
        <graphics name="JAK1, JAK1B" fgcolor="#000000" bgcolor="#BFFFBF"
             type="rectangle" x="351" y="510" width="45" height="17"/>
    </entry>
    <entry id="41" name="hsa:7039" type="gene"
        link="http://www.genome.jp/dbget-bin/www_bget?hsa+7039">
        <graphics name="TGFA" fgcolor="#000000" bgcolor="#BFFFBF"
             type="rectangle" x="195" y="473" width="45" height="17"/>
    </entry>
    <entry id="42" name="hsa:1950" type="gene"
        link="http://www.genome.jp/dbget-bin/www_bget?hsa+1950">
        <graphics name="EGF" fgcolor="#000000" bgcolor="#BFFFBF"
             type="rectangle" x="195" y="496" width="45" height="17"/>
    </entry>
    <entry id="43" name="path:hsa05212" type="map"
        link="http://www.genome.jp/dbget-bin/get_linkdb?pathway+hsa05212">
        <graphics name="TITLE:Pancreatic cancer" fgcolor="#000000" bgcolor="#FFFFFF"
             type="roundrectangle" x="132" y="40" width="165" height="26"/>
    </entry>
    <entry id="44" name="path:hsa04350" type="map"
        link="http://www.genome.jp/kegg/pathway/hsa/hsa04350.html">
        <graphics name="TGF-beta signaling pathway" fgcolor="#000000" bgcolor="#FFFFFF"
             type="roundrectangle" x="576" y="786" width="102" height="38"/>
    </entry>
    <entry id="45" name="path:hsa04110" type="map"
        link="http://www.genome.jp/kegg/pathway/hsa/hsa04110.html">
        <graphics name="Cell cycle" fgcolor="#000000" bgcolor="#FFFFFF"
             type="roundrectangle" x="1075" y="585" width="103" height="38"/>
    </entry>
    <entry id="46" name="hsa:572" type="gene"
        link="http://www.genome.jp/dbget-bin/www_bget?hsa+572">
        <graphics name="BAD" fgcolor="#000000" bgcolor="#BFFFBF"
             type="rectangle" x="592" y="195" width="45" height="17"/>
    </entry>
    <entry id="47" name="hsa:5594 hsa:5595" type="gene"
        link="http://www.genome.jp/dbget-bin/www_bget?hsa+5594+5595">
        <graphics name="MAPK1, PRKM2, PRKM1..." fgcolor="#000000" bgcolor="#BFFFBF"
             type="rectangle" x="716" y="280" width="45" height="17"/>
    </entry>
    <entry id="48" name="hsa:1147 hsa:3551 hsa:8517" type="gene"
        link="http://www.genome.jp/dbget-bin/www_bget?hsa+1147+3551+8517">
        <graphics name="CHUK..." fgcolor="#000000" bgcolor="#BFFFBF"
             type="rectangle" x="616" y="157" width="45" height="17"/>
    </entry>
    <entry id="49" name="hsa:5604" type="gene"
        link="http://www.genome.jp/dbget-bin/www_bget?hsa+5604">
        <graphics name="MAP2K1, PRKMK1" fgcolor="#000000" bgcolor="#BFFFBF"
             type="rectangle" x="608" y="280" width="45" height="17"/>
    </entry>
    <entry id="50" name="hsa:6774" type="gene"
        link="http://www.genome.jp/dbget-bin/www_bget?hsa+6774">
        <graphics name="STAT3" fgcolor="#000000" bgcolor="#BFFFBF"
             type="rectangle" x="479" y="516" width="45" height="17"/>
    </entry>
    <entry id="51" name="hsa:369 hsa:5894 hsa:673" type="gene"
        link="http://www.genome.jp/dbget-bin/www_bget?hsa+369+5894+673">
        <graphics name="ARAF, ARAF1..." fgcolor="#000000" bgcolor="#BFFFBF"
             type="rectangle" x="495" y="280" width="45" height="17"/>
    </entry>
    <entry id="52" name="hsa:3845" type="gene"
        link="http://www.genome.jp/dbget-bin/www_bget?hsa+3845">
        <graphics name="KRAS, KRAS2" fgcolor="#000000" bgcolor="#BFFFBF"
             type="rectangle" x="356" y="280" width="45" height="17"/>
    </entry>
    <entry id="53" name="hsa:6772" type="gene"
        link="http://www.genome.jp/dbget-bin/www_bget?hsa+6772">
        <graphics name="STAT1" fgcolor="#000000" bgcolor="#BFFFBF"
             type="rectangle" x="479" y="539" width="45" height="17"/>
    </entry>
    <entry id="54" name="hsa:842" type="gene"
        link="http://www.genome.jp/dbget-bin/www_bget?hsa+842">
        <graphics name="CASP9" fgcolor="#000000" bgcolor="#BFFFBF"
             type="rectangle" x="602" y="236" width="45" height="17"/>
    </entry>
    <entry id="55" name="hsa:5599 hsa:5601 hsa:5602" type="gene"
        link="http://www.genome.jp/dbget-bin/www_bget?hsa+5599+5601+5602">
        <graphics name="MAPK8, PRKM8..." fgcolor="#000000" bgcolor="#BFFFBF"
             type="rectangle" x="716" y="312" width="45" height="17"/>
    </entry>
    <entry id="56" name="hsa:5879 hsa:5880 hsa:5881 hsa:998" type="gene"
        link="http://www.genome.jp/dbget-bin/www_bget?hsa+5879+5880+5881+998">
        <graphics name="RAC1..." fgcolor="#000000" bgcolor="#BFFFBF"
             type="rectangle" x="684" y="358" width="45" height="17"/>
    </entry>
    <entry id="57" name="undefined" type="group">
        <graphics fgcolor="#000000" bgcolor="#FFFFFF"
             type="rectangle" x="275" y="493" width="65" height="54"/>
        <component id="25"/>
        <component id="36"/>
    </entry>
    <entry id="58" name="undefined" type="group">
        <graphics fgcolor="#000000" bgcolor="#FFFFFF"
             type="rectangle" x="275" y="754" width="65" height="54"/>
        <component id="11"/>
        <component id="12"/>
    </entry>
    <entry id="59" name="undefined" type="group">
        <graphics fgcolor="#000000" bgcolor="#FFFFFF"
             type="rectangle" x="908" y="604" width="65" height="54"/>
        <component id="26"/>
        <component id="30"/>
    </entry>
    <entry id="60" name="undefined" type="group">
        <graphics fgcolor="#000000" bgcolor="#FFFFFF"
             type="rectangle" x="898" y="788" width="65" height="54"/>
        <component id="15"/>
        <component id="16"/>
    </entry>
    <relation entry1="37" entry2="24" type="PPrel">
        <subtype name="compound" value="3"/>
    </relation>
    <relation entry1="37" entry2="34" type="PPrel">
        <subtype name="compound" value="3"/>
    </relation>
    <relation entry1="21" entry2="22" type="PPrel">
        <subtype name="compound" value="5"/>
    </relation>
    <relation entry1="24" entry2="32" type="PPrel">
        <subtype name="activation" value="-->"/>
    </relation>
    <relation entry1="32" entry2="33" type="PPrel">
        <subtype name="activation" value="-->"/>
    </relation>
    <relation entry1="48" entry2="33" type="PPrel">
        <subtype name="activation" value="-->"/>
    </relation>
    <relation entry1="52" entry2="37" type="PPrel">
        <subtype name="activation" value="-->"/>
    </relation>
    <relation entry1="52" entry2="51" type="PPrel">
        <subtype name="activation" value="-->"/>
    </relation>
    <relation entry1="52" entry2="35" type="PPrel">
        <subtype name="activation" value="-->"/>
    </relation>
    <relation entry1="35" entry2="39" type="PPrel">
        <subtype name="activation" value="-->"/>
    </relation>
    <relation entry1="39" entry2="28" type="PPrel">
        <subtype name="activation" value="-->"/>
    </relation>
    <relation entry1="39" entry2="27" type="PPrel">
        <subtype name="activation" value="-->"/>
    </relation>
    <relation entry1="41" entry2="57" type="PPrel">
        <subtype name="activation" value="-->"/>
    </relation>
    <relation entry1="42" entry2="57" type="PPrel">
        <subtype name="activation" value="-->"/>
    </relation>
    <relation entry1="22" entry2="7" type="PPrel">
        <subtype name="activation" value="-->"/>
    </relation>
    <relation entry1="10" entry2="58" type="PPrel">
        <subtype name="activation" value="-->"/>
    </relation>
    <relation entry1="34" entry2="48" type="PPrel">
        <subtype name="activation" value="-->"/>
        <subtype name="phosphorylation" value="+p"/>
    </relation>
    <relation entry1="51" entry2="49" type="PPrel">
        <subtype name="activation" value="-->"/>
        <subtype name="phosphorylation" value="+p"/>
    </relation>
    <relation entry1="49" entry2="47" type="PPrel">
        <subtype name="activation" value="-->"/>
        <subtype name="phosphorylation" value="+p"/>
    </relation>
    <relation entry1="49" entry2="55" type="PPrel">
        <subtype name="activation" value="-->"/>
        <subtype name="phosphorylation" value="+p"/>
    </relation>
    <relation entry1="40" entry2="50" type="PPrel">
        <subtype name="activation" value="-->"/>
        <subtype name="phosphorylation" value="+p"/>
    </relation>
    <relation entry1="40" entry2="53" type="PPrel">
        <subtype name="activation" value="-->"/>
        <subtype name="phosphorylation" value="+p"/>
    </relation>
    <relation entry1="59" entry2="19" type="PPrel">
        <subtype name="activation" value="-->"/>
        <subtype name="phosphorylation" value="+p"/>
    </relation>
    <relation entry1="58" entry2="14" type="PPrel">
        <subtype name="activation" value="-->"/>
        <subtype name="phosphorylation" value="+p"/>
    </relation>
    <relation entry1="13" entry2="14" type="PPrel">
        <subtype name="binding/association" value="---"/>
    </relation>
    <relation entry1="6" entry2="20" type="GErel">
        <subtype name="expression" value="-->"/>
    </relation>
    <relation entry1="50" entry2="20" type="GErel">
        <subtype name="expression" value="-->"/>
    </relation>
    <relation entry1="53" entry2="20" type="GErel">
        <subtype name="expression" value="-->"/>
    </relation>
    <relation entry1="18" entry2="19" type="PPrel">
        <subtype name="dissociation" value="-+-"/>
    </relation>
    <relation entry1="34" entry2="46" type="PPrel">
        <subtype name="inhibition" value="--|"/>
    </relation>
    <relation entry1="46" entry2="23" type="PPrel">
        <subtype name="inhibition" value="--|"/>
    </relation>
    <relation entry1="34" entry2="54" type="PPrel">
        <subtype name="inhibition" value="--|"/>
    </relation>
    <relation entry1="28" entry2="56" type="PPrel">
        <subtype name="inhibition" value="--|"/>
    </relation>
    <relation entry1="22" entry2="6" type="PPrel">
        <subtype name="indirect" value="..>"/>
    </relation>
    <relation entry1="57" entry2="21" type="PPrel">
        <subtype name="indirect" value="..>"/>
    </relation>
    <relation entry1="57" entry2="40" type="PPrel">
        <subtype name="indirect" value="..>"/>
    </relation>
</pathway>
