<?xml version="1.0"?>
<!DOCTYPE pathway SYSTEM "http://www.genome.jp/kegg/xml/KGML_v0.7.1_.dtd">
<!-- Creation date: May 31, 2012 14:52:44 +0900 (GMT+09:00) -->
<pathway name="path:hsa00020" org="hsa" number="00020"
         title="Citrate cycle (TCA cycle)"
         image="http://www.genome.jp/kegg/pathway/hsa/hsa00020.png"
         link="http://www.genome.jp/kegg-bin/show_pathway?hsa00020">
    <entry id="27" name="ko:K00239 ko:K00240 ko:K00241 ko:K00242 ko:K00244 ko:K00245 ko:K00246 ko:K00247" type="ortholog" reaction="rn:R00412"
        link="http://www.kegg.jp/dbget-bin/www_bget?K00239+K00240+K00241+K00242+K00244+K00245+K00246+K00247">
        <graphics name="K00239..." fgcolor="#000000" bgcolor="#FFFFFF"
             type="rectangle" x="144" y="530" width="46" height="17"/>
    </entry>
    <entry id="28" name="ko:K00174 ko:K00175 ko:K00177 ko:K00176" type="ortholog" reaction="rn:R01197"
        link="http://www.kegg.jp/dbget-bin/www_bget?K00174+K00175+K00177+K00176">
        <graphics name="K00174..." fgcolor="#000000" bgcolor="#FFFFFF"
             type="rectangle" x="505" y="649" width="46" height="17"/>
    </entry>
    <entry id="29" name="hsa:1738" type="gene" reaction="rn:R07618"
        link="http://www.kegg.jp/dbget-bin/www_bget?hsa:1738">
        <graphics name="DLD, DLDH, E3, GCSL, LAD, PHE3" fgcolor="#000000" bgcolor="#BFFFBF"
             type="rectangle" x="446" y="618" width="46" height="17"/>
    </entry>
    <entry id="30" name="hsa:4967 hsa:55753" type="gene" reaction="rn:R00621"
        link="http://www.kegg.jp/dbget-bin/www_bget?hsa:4967+hsa:55753">
        <graphics name="OGDH, AKGDH, E1k, OGDC..." fgcolor="#000000" bgcolor="#BFFFBF"
             type="rectangle" x="640" y="574" width="46" height="17"/>
    </entry>
    <entry id="31" name="hsa:4967 hsa:55753" type="gene" reaction="rn:R03316"
        link="http://www.kegg.jp/dbget-bin/www_bget?hsa:4967+hsa:55753">
        <graphics name="OGDH, AKGDH, E1k, OGDC..." fgcolor="#000000" bgcolor="#BFFFBF"
             type="rectangle" x="509" y="575" width="46" height="17"/>
    </entry>
    <entry id="32" name="hsa:1743" type="gene" reaction="rn:R02570"
        link="http://www.kegg.jp/dbget-bin/www_bget?hsa:1743">
        <graphics name="DLST, DLTS" fgcolor="#000000" bgcolor="#BFFFBF"
             type="rectangle" x="382" y="574" width="46" height="17"/>
    </entry>
    <entry id="33" name="hsa:8801 hsa:8802 hsa:8803" type="gene" reaction="rn:R00405"
        link="http://www.kegg.jp/dbget-bin/www_bget?hsa:8801+hsa:8802+hsa:8803">
        <graphics name="SUCLG2, GBETA..." fgcolor="#000000" bgcolor="#BFFFBF"
             type="rectangle" x="239" y="585" width="46" height="17"/>
    </entry>
    <entry id="34" name="hsa:8801 hsa:8802 hsa:8803" type="gene" reaction="rn:R00432 rn:R00727"
        link="http://www.kegg.jp/dbget-bin/www_bget?hsa:8801+hsa:8802+hsa:8803">
        <graphics name="SUCLG2, GBETA..." fgcolor="#000000" bgcolor="#BFFFBF"
             type="rectangle" x="239" y="564" width="46" height="17"/>
    </entry>
    <entry id="35" name="hsa:3417 hsa:3418" type="gene" reaction="rn:R00268"
        link="http://www.kegg.jp/dbget-bin/www_bget?hsa:3417+hsa:3418">
        <graphics name="IDH1, IDCD, IDH, IDP, IDPC, PICD..." fgcolor="#000000" bgcolor="#BFFFBF"
             type="rectangle" x="697" y="505" width="46" height="17"/>
    </entry>
    <entry id="36" name="hsa:3419 hsa:3420 hsa:3421" type="gene" reaction="rn:R00709"
        link="http://www.kegg.jp/dbget-bin/www_bget?hsa:3419+hsa:3420+hsa:3421">
        <graphics name="IDH3A..." fgcolor="#000000" bgcolor="#BFFFBF"
             type="rectangle" x="755" y="458" width="46" height="17"/>
    </entry>
    <entry id="37" name="hsa:3417 hsa:3418" type="gene" reaction="rn:R01899"
        link="http://www.kegg.jp/dbget-bin/www_bget?hsa:3417+hsa:3418">
        <graphics name="IDH1, IDCD, IDH, IDP, IDPC, PICD..." fgcolor="#000000" bgcolor="#BFFFBF"
             type="rectangle" x="697" y="400" width="46" height="17"/>
    </entry>
    <entry id="38" name="hsa:47" type="gene" reaction="rn:R00352"
        link="http://www.kegg.jp/dbget-bin/www_bget?hsa:47">
        <graphics name="ACLY, ACL, ATPCL, CLATP" fgcolor="#000000" bgcolor="#BFFFBF"
             type="rectangle" x="413" y="355" width="46" height="17"/>
    </entry>
    <entry id="39" name="hsa:6389 hsa:6390 hsa:6391 hsa:6392" type="gene" reaction="rn:R02164"
        link="http://www.kegg.jp/dbget-bin/www_bget?hsa:6389+hsa:6390+hsa:6391+hsa:6392">
        <graphics name="SDHA, CMD1GG, FP, PGL5, SDH1, SDH2, SDHF..." fgcolor="#000000" bgcolor="#BFFFBF"
             type="rectangle" x="194" y="530" width="46" height="17"/>
    </entry>
    <entry id="40" name="hsa:2271" type="gene" reaction="rn:R01082"
        link="http://www.kegg.jp/dbget-bin/www_bget?hsa:2271">
        <graphics name="FH, HLRCC, LRCC, MCL, MCUL1" fgcolor="#000000" bgcolor="#BFFFBF"
             type="rectangle" x="168" y="436" width="46" height="17"/>
    </entry>
    <entry id="41" name="hsa:48 hsa:50" type="gene" reaction="rn:R01900"
        link="http://www.kegg.jp/dbget-bin/www_bget?hsa:48+hsa:50">
        <graphics name="ACO1, ACONS, IREB1, IREBP, IREBP1, IRP1..." fgcolor="#000000" bgcolor="#BFFFBF"
             type="rectangle" x="649" y="345" width="46" height="17"/>
    </entry>
    <entry id="42" name="hsa:48 hsa:50" type="gene" reaction="rn:R01325"
        link="http://www.kegg.jp/dbget-bin/www_bget?hsa:48+hsa:50">
        <graphics name="ACO1, ACONS, IREB1, IREBP, IREBP1, IRP1..." fgcolor="#000000" bgcolor="#BFFFBF"
             type="rectangle" x="550" y="345" width="46" height="17"/>
    </entry>
    <entry id="43" name="hsa:1431" type="gene" reaction="rn:R00351"
        link="http://www.kegg.jp/dbget-bin/www_bget?hsa:1431">
        <graphics name="CS" fgcolor="#000000" bgcolor="#BFFFBF"
             type="rectangle" x="413" y="334" width="46" height="17"/>
    </entry>
    <entry id="44" name="hsa:4190 hsa:4191" type="gene" reaction="rn:R00342"
        link="http://www.kegg.jp/dbget-bin/www_bget?hsa:4190+hsa:4191">
        <graphics name="MDH1, MDH-s, MDHA, MGC:1375, MOR2..." fgcolor="#000000" bgcolor="#BFFFBF"
             type="rectangle" x="232" y="345" width="46" height="17"/>
    </entry>
    <entry id="45" name="hsa:5091" type="gene" reaction="rn:R00344"
        link="http://www.kegg.jp/dbget-bin/www_bget?hsa:5091">
        <graphics name="PC, PCB" fgcolor="#000000" bgcolor="#BFFFBF"
             type="rectangle" x="715" y="278" width="46" height="17"/>
    </entry>
    <entry id="46" name="path:hsa00630" type="map"
        link="http://www.kegg.jp/dbget-bin/www_bget?hsa00630">
        <graphics name="Glyoxylate and dicarboxylate metabolism" fgcolor="#000000" bgcolor="#FFFFFF"
             type="roundrectangle" x="128" y="312" width="158" height="34"/>
    </entry>
    <entry id="47" name="path:hsa00010" type="map"
        link="http://www.kegg.jp/dbget-bin/www_bget?hsa00010">
        <graphics name="Glycolysis / Gluconeogenesis" fgcolor="#000000" bgcolor="#FFFFFF"
             type="roundrectangle" x="671" y="127" width="216" height="46"/>
    </entry>
    <entry id="48" name="path:hsa00061" type="map"
        link="http://www.kegg.jp/dbget-bin/www_bget?hsa00061">
        <graphics name="Fatty acid biosynthesis" fgcolor="#000000" bgcolor="#FFFFFF"
             type="roundrectangle" x="142" y="153" width="126" height="25"/>
    </entry>
    <entry id="49" name="path:hsa00062" type="map"
        link="http://www.kegg.jp/dbget-bin/www_bget?hsa00062">
        <graphics name="Fatty acid elongation" fgcolor="#000000" bgcolor="#FFFFFF"
             type="roundrectangle" x="108" y="181" width="194" height="25"/>
    </entry>
    <entry id="50" name="path:hsa00071" type="map"
        link="http://www.kegg.jp/dbget-bin/www_bget?hsa00071">
        <graphics name="Fatty acid metabolism" fgcolor="#000000" bgcolor="#FFFFFF"
             type="roundrectangle" x="145" y="239" width="121" height="25"/>
    </entry>
    <entry id="51" name="path:hsa00053" type="map"
        link="http://www.kegg.jp/dbget-bin/www_bget?hsa00053">
        <graphics name="Ascorbate and aldarate metabolism" fgcolor="#000000" bgcolor="#FFFFFF"
             type="roundrectangle" x="835" y="602" width="126" height="34"/>
    </entry>
    <entry id="52" name="path:hsa00250" type="map"
        link="http://www.kegg.jp/dbget-bin/www_bget?hsa00250">
        <graphics name="Alanine, aspartate and glutamate metabolism" fgcolor="#000000" bgcolor="#FFFFFF"
             type="roundrectangle" x="835" y="639" width="121" height="34"/>
    </entry>
    <entry id="53" name="path:hsa00020" type="map"
        link="http://www.kegg.jp/dbget-bin/www_bget?hsa00020">
        <graphics name="TITLE:Citrate cycle (TCA cycle)" fgcolor="#000000" bgcolor="#FFFFFF"
             type="roundrectangle" x="155" y="58" width="229" height="25"/>
    </entry>
    <entry id="54" name="path:hsa00350" type="map"
        link="http://www.kegg.jp/dbget-bin/www_bget?hsa00350">
        <graphics name="Tyrosine metabolism" fgcolor="#000000" bgcolor="#FFFFFF"
             type="roundrectangle" x="81" y="443" width="76" height="34"/>
    </entry>
    <entry id="55" name="path:hsa00280" type="map"
        link="http://www.kegg.jp/dbget-bin/www_bget?hsa00280">
        <graphics name="Valine, leucine and isoleucine degradation" fgcolor="#000000" bgcolor="#FFFFFF"
             type="roundrectangle" x="245" y="627" width="85" height="34"/>
    </entry>
    <entry id="56" name="path:hsa00250" type="map"
        link="http://www.kegg.jp/dbget-bin/www_bget?hsa00250">
        <graphics name="Alanine, aspartate and glutamate metabolism" fgcolor="#000000" bgcolor="#FFFFFF"
             type="roundrectangle" x="146" y="275" width="121" height="34"/>
    </entry>
    <entry id="57" name="path:hsa00330" type="map"
        link="http://www.kegg.jp/dbget-bin/www_bget?hsa00330">
        <graphics name="Arginine and proline metabolism" fgcolor="#000000" bgcolor="#FFFFFF"
             type="roundrectangle" x="66" y="480" width="112" height="34"/>
    </entry>
    <entry id="58" name="path:hsa00471" type="map"
        link="http://www.kegg.jp/dbget-bin/www_bget?hsa00471">
        <graphics name="D-Glutamine and D-glutamate metabolism" fgcolor="#000000" bgcolor="#FFFFFF"
             type="roundrectangle" x="850" y="672" width="152" height="25"/>
    </entry>
    <entry id="59" name="cpd:C00022" type="compound"
        link="http://www.kegg.jp/dbget-bin/www_bget?C00022">
        <graphics name="C00022" fgcolor="#000000" bgcolor="#FFFFFF"
             type="circle" x="716" y="241" width="8" height="8"/>
    </entry>
    <entry id="60" name="cpd:C00122" type="compound"
        link="http://www.kegg.jp/dbget-bin/www_bget?C00122">
        <graphics name="C00122" fgcolor="#000000" bgcolor="#FFFFFF"
             type="circle" x="169" y="481" width="8" height="8"/>
    </entry>
    <entry id="61" name="cpd:C00036" type="compound"
        link="http://www.kegg.jp/dbget-bin/www_bget?C00036">
        <graphics name="C00036" fgcolor="#000000" bgcolor="#FFFFFF"
             type="circle" x="299" y="344" width="8" height="8"/>
    </entry>
    <entry id="62" name="cpd:C05379" type="compound"
        link="http://www.kegg.jp/dbget-bin/www_bget?C05379">
        <graphics name="C05379" fgcolor="#000000" bgcolor="#FFFFFF"
             type="circle" x="697" y="453" width="8" height="8"/>
    </entry>
    <entry id="63" name="cpd:C00024" type="compound"
        link="http://www.kegg.jp/dbget-bin/www_bget?C00024">
        <graphics name="C00024" fgcolor="#000000" bgcolor="#FFFFFF"
             type="circle" x="379" y="241" width="8" height="8"/>
    </entry>
    <entry id="64" name="cpd:C00149" type="compound"
        link="http://www.kegg.jp/dbget-bin/www_bget?C00149">
        <graphics name="C00149" fgcolor="#000000" bgcolor="#FFFFFF"
             type="circle" x="169" y="393" width="8" height="8"/>
    </entry>
    <entry id="65" name="cpd:C00311" type="compound"
        link="http://www.kegg.jp/dbget-bin/www_bget?C00311">
        <graphics name="C00311" fgcolor="#000000" bgcolor="#FFFFFF"
             type="circle" x="697" y="344" width="8" height="8"/>
    </entry>
    <entry id="66" name="cpd:C00417" type="compound"
        link="http://www.kegg.jp/dbget-bin/www_bget?C00417">
        <graphics name="C00417" fgcolor="#000000" bgcolor="#FFFFFF"
             type="circle" x="600" y="344" width="8" height="8"/>
    </entry>
    <entry id="67" name="cpd:C00042" type="compound"
        link="http://www.kegg.jp/dbget-bin/www_bget?C00042">
        <graphics name="C00042" fgcolor="#000000" bgcolor="#FFFFFF"
             type="circle" x="169" y="574" width="8" height="8"/>
    </entry>
    <entry id="68" name="cpd:C00158" type="compound"
        link="http://www.kegg.jp/dbget-bin/www_bget?C00158">
        <graphics name="C00158" fgcolor="#000000" bgcolor="#FFFFFF"
             type="circle" x="501" y="344" width="8" height="8"/>
    </entry>
    <entry id="69" name="cpd:C15972" type="compound"
        link="http://www.kegg.jp/dbget-bin/www_bget?C15972">
        <graphics name="C15972" fgcolor="#000000" bgcolor="#FFFFFF"
             type="circle" x="501" y="617" width="8" height="8"/>
    </entry>
    <entry id="70" name="cpd:C00068" type="compound"
        link="http://www.kegg.jp/dbget-bin/www_bget?C00068">
        <graphics name="C00068" fgcolor="#000000" bgcolor="#FFFFFF"
             type="circle" x="568" y="530" width="8" height="8"/>
    </entry>
    <entry id="71" name="cpd:C16254" type="compound"
        link="http://www.kegg.jp/dbget-bin/www_bget?C16254">
        <graphics name="C16254" fgcolor="#000000" bgcolor="#FFFFFF"
             type="circle" x="441" y="573" width="8" height="8"/>
    </entry>
    <entry id="72" name="cpd:C15973" type="compound"
        link="http://www.kegg.jp/dbget-bin/www_bget?C15973">
        <graphics name="C15973" fgcolor="#000000" bgcolor="#FFFFFF"
             type="circle" x="387" y="617" width="8" height="8"/>
    </entry>
    <entry id="73" name="cpd:C00091" type="compound"
        link="http://www.kegg.jp/dbget-bin/www_bget?C00091">
        <graphics name="C00091" fgcolor="#000000" bgcolor="#FFFFFF"
             type="circle" x="313" y="574" width="8" height="8"/>
    </entry>
    <entry id="74" name="cpd:C00026" type="compound"
        link="http://www.kegg.jp/dbget-bin/www_bget?C00026">
        <graphics name="C00026" fgcolor="#000000" bgcolor="#FFFFFF"
             type="circle" x="697" y="573" width="8" height="8"/>
    </entry>
    <entry id="75" name="cpd:C05381" type="compound"
        link="http://www.kegg.jp/dbget-bin/www_bget?C05381">
        <graphics name="C05381" fgcolor="#000000" bgcolor="#FFFFFF"
             type="circle" x="572" y="573" width="8" height="8"/>
    </entry>
    <entry id="78" name="cpd:C05125" type="compound"
        link="http://www.kegg.jp/dbget-bin/www_bget?C05125">
        <graphics name="C05125" fgcolor="#000000" bgcolor="#FFFFFF"
             type="circle" x="610" y="241" width="8" height="8"/>
    </entry>
    <entry id="79" name="hsa:5160 hsa:5161 hsa:5162" type="gene" reaction="rn:R00014"
        link="http://www.kegg.jp/dbget-bin/www_bget?hsa:5160+hsa:5161+hsa:5162">
        <graphics name="PDHA1, PDHA, PDHCE1A, PHE1A..." fgcolor="#000000" bgcolor="#BFFFBF"
             type="rectangle" x="665" y="241" width="46" height="17"/>
    </entry>
    <entry id="80" name="cpd:C00068" type="compound"
        link="http://www.kegg.jp/dbget-bin/www_bget?C00068">
        <graphics name="C00068" fgcolor="#000000" bgcolor="#FFFFFF"
             type="circle" x="610" y="198" width="8" height="8"/>
    </entry>
    <entry id="81" name="hsa:5160 hsa:5161 hsa:5162" type="gene" reaction="rn:R03270"
        link="http://www.kegg.jp/dbget-bin/www_bget?hsa:5160+hsa:5161+hsa:5162">
        <graphics name="PDHA1, PDHA, PDHCE1A, PHE1A..." fgcolor="#000000" bgcolor="#BFFFBF"
             type="rectangle" x="561" y="241" width="46" height="17"/>
    </entry>
    <entry id="82" name="cpd:C15972" type="compound"
        link="http://www.kegg.jp/dbget-bin/www_bget?C15972">
        <graphics name="C15972" fgcolor="#000000" bgcolor="#FFFFFF"
             type="circle" x="559" y="284" width="8" height="8"/>
    </entry>
    <entry id="84" name="hsa:1738" type="gene" reaction="rn:R07618"
        link="http://www.kegg.jp/dbget-bin/www_bget?hsa:1738">
        <graphics name="DLD, DLDH, E3, GCSL, LAD, PHE3" fgcolor="#000000" bgcolor="#BFFFBF"
             type="rectangle" x="508" y="285" width="46" height="17"/>
    </entry>
    <entry id="85" name="cpd:C16255" type="compound"
        link="http://www.kegg.jp/dbget-bin/www_bget?C16255">
        <graphics name="C16255" fgcolor="#000000" bgcolor="#FFFFFF"
             type="circle" x="496" y="241" width="8" height="8"/>
    </entry>
    <entry id="86" name="hsa:1737" type="gene" reaction="rn:R02569"
        link="http://www.kegg.jp/dbget-bin/www_bget?hsa:1737">
        <graphics name="DLAT, DLTA, PDC-E2, PDCE2" fgcolor="#000000" bgcolor="#BFFFBF"
             type="rectangle" x="443" y="242" width="46" height="17"/>
    </entry>
    <entry id="88" name="ko:K00169 ko:K00170 ko:K00172 ko:K00171" type="ortholog" reaction="rn:R01196"
        link="http://www.kegg.jp/dbget-bin/www_bget?K00169+K00170+K00172+K00171">
        <graphics name="K00169..." fgcolor="#000000" bgcolor="#FFFFFF"
             type="rectangle" x="519" y="179" width="46" height="17"/>
    </entry>
    <entry id="89" name="path:hsa00280" type="map"
        link="http://www.kegg.jp/dbget-bin/www_bget?hsa00280">
        <graphics name="Valine, leucine and isoleucine degradation" fgcolor="#000000" bgcolor="#FFFFFF"
             type="roundrectangle" x="133" y="211" width="144" height="25"/>
    </entry>
    <entry id="91" name="ko:K01643 ko:K01644 ko:K01646" type="ortholog" reaction="rn:R00362"
        link="http://www.kegg.jp/dbget-bin/www_bget?K01643+K01644+K01646">
        <graphics name="K01643..." fgcolor="#000000" bgcolor="#FFFFFF"
             type="rectangle" x="413" y="380" width="46" height="17"/>
    </entry>
    <entry id="93" name="ko:K01610" type="ortholog" reaction="rn:R00341"
        link="http://www.kegg.jp/dbget-bin/www_bget?K01610">
        <graphics name="K01610" fgcolor="#000000" bgcolor="#FFFFFF"
             type="rectangle" x="350" y="138" width="46" height="17"/>
    </entry>
    <entry id="94" name="hsa:5105 hsa:5106" type="gene" reaction="rn:R00431 rn:R00726"
        link="http://www.kegg.jp/dbget-bin/www_bget?hsa:5105+hsa:5106">
        <graphics name="PCK1, PEPCK-C, PEPCK1, PEPCKC..." fgcolor="#000000" bgcolor="#BFFFBF"
             type="rectangle" x="350" y="117" width="46" height="17"/>
    </entry>
    <entry id="95" name="cpd:C15973" type="compound"
        link="http://www.kegg.jp/dbget-bin/www_bget?C15973">
        <graphics name="C15973" fgcolor="#000000" bgcolor="#FFFFFF"
             type="circle" x="457" y="284" width="8" height="8"/>
    </entry>
    <entry id="96" name="cpd:C00074" type="compound"
        link="http://www.kegg.jp/dbget-bin/www_bget?C00074">
        <graphics name="C00074" fgcolor="#000000" bgcolor="#FFFFFF"
             type="circle" x="450" y="127" width="8" height="8"/>
    </entry>
    <relation entry1="79" entry2="45" type="ECrel">
        <subtype name="compound" value="59"/>
    </relation>
    <relation entry1="79" entry2="47" type="maplink">
        <subtype name="compound" value="59"/>
    </relation>
    <relation entry1="45" entry2="47" type="maplink">
        <subtype name="compound" value="59"/>
    </relation>
    <relation entry1="48" entry2="49" type="maplink">
        <subtype name="compound" value="63"/>
    </relation>
    <relation entry1="48" entry2="89" type="maplink">
        <subtype name="compound" value="63"/>
    </relation>
    <relation entry1="48" entry2="50" type="maplink">
        <subtype name="compound" value="63"/>
    </relation>
    <relation entry1="48" entry2="86" type="maplink">
        <subtype name="compound" value="63"/>
    </relation>
    <relation entry1="48" entry2="43" type="maplink">
        <subtype name="compound" value="63"/>
    </relation>
    <relation entry1="48" entry2="38" type="maplink">
        <subtype name="compound" value="63"/>
    </relation>
    <relation entry1="49" entry2="89" type="maplink">
        <subtype name="compound" value="63"/>
    </relation>
    <relation entry1="49" entry2="50" type="maplink">
        <subtype name="compound" value="63"/>
    </relation>
    <relation entry1="49" entry2="86" type="maplink">
        <subtype name="compound" value="63"/>
    </relation>
    <relation entry1="49" entry2="43" type="maplink">
        <subtype name="compound" value="63"/>
    </relation>
    <relation entry1="49" entry2="38" type="maplink">
        <subtype name="compound" value="63"/>
    </relation>
    <relation entry1="89" entry2="50" type="maplink">
        <subtype name="compound" value="63"/>
    </relation>
    <relation entry1="89" entry2="86" type="maplink">
        <subtype name="compound" value="63"/>
    </relation>
    <relation entry1="89" entry2="43" type="maplink">
        <subtype name="compound" value="63"/>
    </relation>
    <relation entry1="89" entry2="38" type="maplink">
        <subtype name="compound" value="63"/>
    </relation>
    <relation entry1="50" entry2="86" type="maplink">
        <subtype name="compound" value="63"/>
    </relation>
    <relation entry1="50" entry2="43" type="maplink">
        <subtype name="compound" value="63"/>
    </relation>
    <relation entry1="50" entry2="38" type="maplink">
        <subtype name="compound" value="63"/>
    </relation>
    <relation entry1="86" entry2="43" type="ECrel">
        <subtype name="compound" value="63"/>
    </relation>
    <relation entry1="86" entry2="38" type="ECrel">
        <subtype name="compound" value="63"/>
    </relation>
    <relation entry1="46" entry2="56" type="maplink">
        <subtype name="compound" value="61"/>
    </relation>
    <relation entry1="46" entry2="44" type="maplink">
        <subtype name="compound" value="61"/>
    </relation>
    <relation entry1="46" entry2="38" type="maplink">
        <subtype name="compound" value="61"/>
    </relation>
    <relation entry1="46" entry2="43" type="maplink">
        <subtype name="compound" value="61"/>
    </relation>
    <relation entry1="46" entry2="45" type="maplink">
        <subtype name="compound" value="61"/>
    </relation>
    <relation entry1="46" entry2="94" type="maplink">
        <subtype name="compound" value="61"/>
    </relation>
    <relation entry1="56" entry2="44" type="maplink">
        <subtype name="compound" value="61"/>
    </relation>
    <relation entry1="56" entry2="38" type="maplink">
        <subtype name="compound" value="61"/>
    </relation>
    <relation entry1="56" entry2="43" type="maplink">
        <subtype name="compound" value="61"/>
    </relation>
    <relation entry1="56" entry2="45" type="maplink">
        <subtype name="compound" value="61"/>
    </relation>
    <relation entry1="56" entry2="94" type="maplink">
        <subtype name="compound" value="61"/>
    </relation>
    <relation entry1="44" entry2="38" type="ECrel">
        <subtype name="compound" value="61"/>
    </relation>
    <relation entry1="44" entry2="43" type="ECrel">
        <subtype name="compound" value="61"/>
    </relation>
    <relation entry1="44" entry2="45" type="ECrel">
        <subtype name="compound" value="61"/>
    </relation>
    <relation entry1="44" entry2="94" type="ECrel">
        <subtype name="compound" value="61"/>
    </relation>
    <relation entry1="38" entry2="45" type="ECrel">
        <subtype name="compound" value="61"/>
    </relation>
    <relation entry1="38" entry2="94" type="ECrel">
        <subtype name="compound" value="61"/>
    </relation>
    <relation entry1="43" entry2="45" type="ECrel">
        <subtype name="compound" value="61"/>
    </relation>
    <relation entry1="43" entry2="94" type="ECrel">
        <subtype name="compound" value="61"/>
    </relation>
    <relation entry1="45" entry2="94" type="ECrel">
        <subtype name="compound" value="61"/>
    </relation>
    <relation entry1="44" entry2="40" type="ECrel">
        <subtype name="compound" value="64"/>
    </relation>
    <relation entry1="40" entry2="54" type="maplink">
        <subtype name="compound" value="60"/>
    </relation>
    <relation entry1="40" entry2="57" type="maplink">
        <subtype name="compound" value="60"/>
    </relation>
    <relation entry1="40" entry2="39" type="ECrel">
        <subtype name="compound" value="60"/>
    </relation>
    <relation entry1="54" entry2="57" type="maplink">
        <subtype name="compound" value="60"/>
    </relation>
    <relation entry1="54" entry2="39" type="maplink">
        <subtype name="compound" value="60"/>
    </relation>
    <relation entry1="57" entry2="39" type="maplink">
        <subtype name="compound" value="60"/>
    </relation>
    <relation entry1="39" entry2="34" type="ECrel">
        <subtype name="compound" value="67"/>
    </relation>
    <relation entry1="39" entry2="33" type="ECrel">
        <subtype name="compound" value="67"/>
    </relation>
    <relation entry1="34" entry2="55" type="maplink">
        <subtype name="compound" value="73"/>
    </relation>
    <relation entry1="34" entry2="32" type="ECrel">
        <subtype name="compound" value="73"/>
    </relation>
    <relation entry1="33" entry2="55" type="maplink">
        <subtype name="compound" value="73"/>
    </relation>
    <relation entry1="33" entry2="32" type="ECrel">
        <subtype name="compound" value="73"/>
    </relation>
    <relation entry1="55" entry2="32" type="maplink">
        <subtype name="compound" value="73"/>
    </relation>
    <relation entry1="32" entry2="31" type="ECrel">
        <subtype name="compound" value="71"/>
    </relation>
    <relation entry1="32" entry2="29" type="ECrel">
        <subtype name="compound" value="72"/>
    </relation>
    <relation entry1="29" entry2="31" type="ECrel">
        <subtype name="compound" value="69"/>
    </relation>
    <relation entry1="30" entry2="58" type="maplink">
        <subtype name="compound" value="74"/>
    </relation>
    <relation entry1="30" entry2="52" type="maplink">
        <subtype name="compound" value="74"/>
    </relation>
    <relation entry1="30" entry2="51" type="maplink">
        <subtype name="compound" value="74"/>
    </relation>
    <relation entry1="30" entry2="36" type="ECrel">
        <subtype name="compound" value="74"/>
    </relation>
    <relation entry1="30" entry2="35" type="ECrel">
        <subtype name="compound" value="74"/>
    </relation>
    <relation entry1="58" entry2="52" type="maplink">
        <subtype name="compound" value="74"/>
    </relation>
    <relation entry1="58" entry2="51" type="maplink">
        <subtype name="compound" value="74"/>
    </relation>
    <relation entry1="58" entry2="36" type="maplink">
        <subtype name="compound" value="74"/>
    </relation>
    <relation entry1="58" entry2="35" type="maplink">
        <subtype name="compound" value="74"/>
    </relation>
    <relation entry1="52" entry2="51" type="maplink">
        <subtype name="compound" value="74"/>
    </relation>
    <relation entry1="52" entry2="36" type="maplink">
        <subtype name="compound" value="74"/>
    </relation>
    <relation entry1="52" entry2="35" type="maplink">
        <subtype name="compound" value="74"/>
    </relation>
    <relation entry1="51" entry2="36" type="maplink">
        <subtype name="compound" value="74"/>
    </relation>
    <relation entry1="51" entry2="35" type="maplink">
        <subtype name="compound" value="74"/>
    </relation>
    <relation entry1="36" entry2="35" type="ECrel">
        <subtype name="compound" value="74"/>
    </relation>
    <relation entry1="41" entry2="37" type="ECrel">
        <subtype name="compound" value="65"/>
    </relation>
    <relation entry1="41" entry2="36" type="ECrel">
        <subtype name="compound" value="65"/>
    </relation>
    <relation entry1="37" entry2="36" type="ECrel">
        <subtype name="compound" value="65"/>
    </relation>
    <relation entry1="43" entry2="42" type="ECrel">
        <subtype name="compound" value="68"/>
    </relation>
    <relation entry1="38" entry2="42" type="ECrel">
        <subtype name="compound" value="68"/>
    </relation>
    <relation entry1="84" entry2="81" type="ECrel">
        <subtype name="compound" value="82"/>
    </relation>
    <relation entry1="81" entry2="79" type="ECrel">
        <subtype name="compound" value="78"/>
    </relation>
    <relation entry1="86" entry2="81" type="ECrel">
        <subtype name="compound" value="85"/>
    </relation>
    <relation entry1="84" entry2="86" type="ECrel">
        <subtype name="compound" value="95"/>
    </relation>
    <relation entry1="94" entry2="47" type="maplink">
        <subtype name="compound" value="96"/>
    </relation>
    <reaction id="29" name="rn:R07618" type="reversible">
        <substrate id="72" name="cpd:C15973"/>
        <product id="69" name="cpd:C15972"/>
    </reaction>
    <reaction id="30" name="rn:R00621" type="irreversible">
        <substrate id="70" name="cpd:C00068"/>
        <substrate id="74" name="cpd:C00026"/>
        <product id="75" name="cpd:C05381"/>
    </reaction>
    <reaction id="31" name="rn:R03316" type="irreversible">
        <substrate id="75" name="cpd:C05381"/>
        <substrate id="69" name="cpd:C15972"/>
        <product id="70" name="cpd:C00068"/>
        <product id="71" name="cpd:C16254"/>
    </reaction>
    <reaction id="32" name="rn:R02570" type="reversible">
        <substrate id="73" name="cpd:C00091"/>
        <substrate id="72" name="cpd:C15973"/>
        <product id="71" name="cpd:C16254"/>
    </reaction>
    <reaction id="33" name="rn:R00405" type="reversible">
        <substrate id="67" name="cpd:C00042"/>
        <product id="73" name="cpd:C00091"/>
    </reaction>
    <reaction id="34" name="rn:R00432 rn:R00727" type="reversible">
        <substrate id="67" name="cpd:C00042"/>
        <product id="73" name="cpd:C00091"/>
    </reaction>
    <reaction id="35" name="rn:R00268" type="reversible">
        <substrate id="62" name="cpd:C05379"/>
        <product id="74" name="cpd:C00026"/>
    </reaction>
    <reaction id="36" name="rn:R00709" type="reversible">
        <substrate id="65" name="cpd:C00311"/>
        <product id="74" name="cpd:C00026"/>
    </reaction>
    <reaction id="37" name="rn:R01899" type="reversible">
        <substrate id="65" name="cpd:C00311"/>
        <product id="62" name="cpd:C05379"/>
    </reaction>
    <reaction id="38" name="rn:R00352" type="reversible">
        <substrate id="61" name="cpd:C00036"/>
        <substrate id="63" name="cpd:C00024"/>
        <product id="68" name="cpd:C00158"/>
    </reaction>
    <reaction id="39" name="rn:R02164" type="reversible">
        <substrate id="67" name="cpd:C00042"/>
        <product id="60" name="cpd:C00122"/>
    </reaction>
    <reaction id="40" name="rn:R01082" type="reversible">
        <substrate id="64" name="cpd:C00149"/>
        <product id="60" name="cpd:C00122"/>
    </reaction>
    <reaction id="41" name="rn:R01900" type="reversible">
        <substrate id="66" name="cpd:C00417"/>
        <product id="65" name="cpd:C00311"/>
    </reaction>
    <reaction id="42" name="rn:R01325" type="reversible">
        <substrate id="68" name="cpd:C00158"/>
        <product id="66" name="cpd:C00417"/>
    </reaction>
    <reaction id="43" name="rn:R00351" type="reversible">
        <substrate id="61" name="cpd:C00036"/>
        <substrate id="63" name="cpd:C00024"/>
        <product id="68" name="cpd:C00158"/>
    </reaction>
    <reaction id="44" name="rn:R00342" type="reversible">
        <substrate id="64" name="cpd:C00149"/>
        <product id="61" name="cpd:C00036"/>
    </reaction>
    <reaction id="45" name="rn:R00344" type="irreversible">
        <substrate id="59" name="cpd:C00022"/>
        <product id="61" name="cpd:C00036"/>
    </reaction>
    <reaction id="79" name="rn:R00014" type="irreversible">
        <substrate id="80" name="cpd:C00068"/>
        <substrate id="59" name="cpd:C00022"/>
        <product id="78" name="cpd:C05125"/>
    </reaction>
    <reaction id="81" name="rn:R03270" type="irreversible">
        <substrate id="78" name="cpd:C05125"/>
        <substrate id="82" name="cpd:C15972"/>
        <product id="85" name="cpd:C16255"/>
        <product id="80" name="cpd:C00068"/>
    </reaction>
    <reaction id="84" name="rn:R07618" type="reversible">
        <substrate id="95" name="cpd:C15973"/>
        <product id="82" name="cpd:C15972"/>
    </reaction>
    <reaction id="86" name="rn:R02569" type="reversible">
        <substrate id="63" name="cpd:C00024"/>
        <substrate id="95" name="cpd:C15973"/>
        <product id="85" name="cpd:C16255"/>
    </reaction>
    <reaction id="94" name="rn:R00431 rn:R00726" type="irreversible">
        <substrate id="61" name="cpd:C00036"/>
        <product id="96" name="cpd:C00074"/>
    </reaction>
</pathway>
