<?xml version="1.0"?>
<!DOCTYPE pathway SYSTEM "http://www.genome.jp/kegg/xml/KGML_v0.6.1_.dtd">
<!-- Creation date: Aug 15 2008 14:51:33 +0900 (JST) -->
<pathway name="path:hsa04310" org="hsa" number="04310"
         title="Wnt signaling pathway"
         image="http://www.genome.jp/kegg/pathway/hsa/hsa04310.gif"
         link="http://www.genome.jp/dbget-bin/show_pathway?hsa04310">
    <entry id="1" name="path:hsa04350" type="map"
        link="http://www.genome.jp/kegg/pathway/hsa/hsa04350.html">
        <graphics name="TGF-beta signaling pathway" fgcolor="#000000" bgcolor="#FFFFFF"
             type="roundrectangle" x="924" y="384" width="102" height="38"/>
    </entry>
    <entry id="2" name="path:hsa04110" type="map"
        link="http://www.genome.jp/kegg/pathway/hsa/hsa04110.html">
        <graphics name="Cell cycle" fgcolor="#000000" bgcolor="#FFFFFF"
             type="roundrectangle" x="1088" y="248" width="34" height="88"/>
    </entry>
    <entry id="3" name="path:hsa04310" type="map"
        link="http://www.genome.jp/dbget-bin/get_linkdb?pathway+hsa04310">
        <graphics name="TITLE:Wnt signaling pathway" fgcolor="#000000" bgcolor="#FFFFFF"
             type="roundrectangle" x="165" y="40" width="214" height="25"/>
    </entry>
    <entry id="4" name="path:hsa04010" type="map"
        link="http://www.genome.jp/kegg/pathway/hsa/hsa04010.html">
        <graphics name="MAPK signaling pathway" fgcolor="#000000" bgcolor="#FFFFFF"
             type="roundrectangle" x="549" y="636" width="102" height="38"/>
    </entry>
    <entry id="5" name="path:hsa04510" type="map"
        link="http://www.genome.jp/kegg/pathway/hsa/hsa04510.html">
        <graphics name="Focal adhesion" fgcolor="#000000" bgcolor="#FFFFFF"
             type="roundrectangle" x="661" y="529" width="104" height="38"/>
    </entry>
    <entry id="6" name="path:hsa04120" type="map"
        link="http://www.genome.jp/kegg/pathway/hsa/hsa04120.html">
        <graphics name="Ubiquitin mediated proteolysis" fgcolor="#000000" bgcolor="#FFFFFF"
             type="roundrectangle" x="739" y="405" width="109" height="40"/>
    </entry>
    <entry id="7" name="path:hsa04010" type="map"
        link="http://www.genome.jp/kegg/pathway/hsa/hsa04010.html">
        <graphics name="MAPK signaling pathway" fgcolor="#000000" bgcolor="#FFFFFF"
             type="roundrectangle" x="650" y="119" width="102" height="38"/>
    </entry>
    <entry id="8" name="path:hsa05010" type="map"
        link="http://www.genome.jp/kegg/pathway/hsa/hsa05010.html">
        <graphics name="Alzheimer's disease" fgcolor="#000000" bgcolor="#FFFFFF"
             type="roundrectangle" x="484" y="115" width="94" height="38"/>
    </entry>
    <entry id="9" name="hsa:10725 hsa:4772 hsa:4773 hsa:4775 hsa:4776" type="gene"
        link="http://www.genome.jp/dbget-bin/www_bget?hsa+10725+4772+4773+4775+4776">
        <graphics name="NFAT5..." fgcolor="#000000" bgcolor="#BFFFBF"
             type="rectangle" x="881" y="730" width="45" height="17"/>
    </entry>
    <entry id="10" name="hsa:5578 hsa:5579 hsa:5582" type="gene"
        link="http://www.genome.jp/dbget-bin/www_bget?hsa+5578+5579+5582">
        <graphics name="PRKCA, PKCA..." fgcolor="#000000" bgcolor="#BFFFBF"
             type="rectangle" x="550" y="761" width="45" height="17"/>
    </entry>
    <entry id="11" name="hsa:11261 hsa:5530 hsa:5532 hsa:5533 hsa:5534 hsa:5535" type="gene"
        link="http://www.genome.jp/dbget-bin/www_bget?hsa+11261+5530+5532+5533+5534+5535">
        <graphics name="CHP..." fgcolor="#000000" bgcolor="#BFFFBF"
             type="rectangle" x="550" y="730" width="45" height="17"/>
    </entry>
    <entry id="12" name="hsa:815 hsa:816 hsa:817 hsa:818" type="gene"
        link="http://www.genome.jp/dbget-bin/www_bget?hsa+815+816+817+818">
        <graphics name="CAMK2A, CAMKA..." fgcolor="#000000" bgcolor="#BFFFBF"
             type="rectangle" x="550" y="699" width="45" height="17"/>
    </entry>
    <entry id="13" name="hsa:23236 hsa:5330 hsa:5331 hsa:5332" type="gene"
        link="http://www.genome.jp/dbget-bin/www_bget?hsa+23236+5330+5331+5332">
        <graphics name="PLCB1..." fgcolor="#000000" bgcolor="#BFFFBF"
             type="rectangle" x="360" y="730" width="45" height="17"/>
    </entry>
    <entry id="14" name="hsa:11211 hsa:2535 hsa:7855 hsa:7976 hsa:8321 hsa:8322 hsa:8323 hsa:8324 hsa:8325 hsa:8326" type="gene"
        link="http://www.genome.jp/dbget-bin/www_bget?hsa+11211+2535+7855+7976+8321+8322+8323+8324+8325+8326">
        <graphics name="FZD10..." fgcolor="#000000" bgcolor="#BFFFBF"
             type="rectangle" x="234" y="730" width="45" height="17"/>
    </entry>
    <entry id="15" name="hsa:7474 hsa:81029" type="gene"
        link="http://www.genome.jp/dbget-bin/www_bget?hsa+7474+81029">
        <graphics name="WNT5A..." fgcolor="#000000" bgcolor="#BFFFBF"
             type="rectangle" x="152" y="730" width="45" height="17"/>
    </entry>
    <entry id="16" name="hsa:5599 hsa:5601 hsa:5602" type="gene"
        link="http://www.genome.jp/dbget-bin/www_bget?hsa+5599+5601+5602">
        <graphics name="MAPK8, PRKM8..." fgcolor="#000000" bgcolor="#BFFFBF"
             type="rectangle" x="583" y="598" width="45" height="17"/>
    </entry>
    <entry id="17" name="hsa:5879 hsa:5880 hsa:5881" type="gene"
        link="http://www.genome.jp/dbget-bin/www_bget?hsa+5879+5880+5881">
        <graphics name="RAC1..." fgcolor="#000000" bgcolor="#BFFFBF"
             type="rectangle" x="502" y="598" width="45" height="17"/>
    </entry>
    <entry id="18" name="hsa:6093 hsa:9475" type="gene"
        link="http://www.genome.jp/dbget-bin/www_bget?hsa+6093+9475">
        <graphics name="ROCK1..." fgcolor="#000000" bgcolor="#BFFFBF"
             type="rectangle" x="583" y="557" width="45" height="17"/>
    </entry>
    <entry id="19" name="hsa:387" type="gene"
        link="http://www.genome.jp/dbget-bin/www_bget?hsa+387">
        <graphics name="RHOA, ARH12, ARHA" fgcolor="#000000" bgcolor="#BFFFBF"
             type="rectangle" x="502" y="557" width="45" height="17"/>
    </entry>
    <entry id="20" name="hsa:23002 hsa:23500" type="gene"
        link="http://www.genome.jp/dbget-bin/www_bget?hsa+23002+23500">
        <graphics name="DAAM1..." fgcolor="#000000" bgcolor="#BFFFBF"
             type="rectangle" x="431" y="557" width="45" height="17"/>
    </entry>
    <entry id="21" name="hsa:1855 hsa:1856 hsa:1857" type="gene"
        link="http://www.genome.jp/dbget-bin/www_bget?hsa+1855+1856+1857">
        <graphics name="DVL1..." fgcolor="#000000" bgcolor="#BFFFBF"
             type="rectangle" x="360" y="578" width="45" height="17"/>
    </entry>
    <entry id="22" name="hsa:144165 hsa:166336" type="gene"
        link="http://www.genome.jp/dbget-bin/www_bget?hsa+144165+166336">
        <graphics name="PRICKLE1..." fgcolor="#000000" bgcolor="#BFFFBF"
             type="rectangle" x="300" y="540" width="45" height="17"/>
    </entry>
    <entry id="24" name="hsa:11211 hsa:2535 hsa:7855 hsa:7976 hsa:8321 hsa:8322 hsa:8323 hsa:8324 hsa:8325 hsa:8326" type="gene"
        link="http://www.genome.jp/dbget-bin/www_bget?hsa+11211+2535+7855+7976+8321+8322+8323+8324+8325+8326">
        <graphics name="FZD10..." fgcolor="#000000" bgcolor="#BFFFBF"
             type="rectangle" x="234" y="578" width="45" height="17"/>
    </entry>
    <entry id="25" name="hsa:57216 hsa:81839" type="gene"
        link="http://www.genome.jp/dbget-bin/www_bget?hsa+57216+81839">
        <graphics name="VANGL2..." fgcolor="#000000" bgcolor="#BFFFBF"
             type="rectangle" x="234" y="544" width="45" height="17"/>
    </entry>
    <entry id="26" name="hsa:7483 hsa:7484" type="gene"
        link="http://www.genome.jp/dbget-bin/www_bget?hsa+7483+7484">
        <graphics name="WNT9A, WNT14..." fgcolor="#000000" bgcolor="#BFFFBF"
             type="rectangle" x="152" y="578" width="45" height="17"/>
    </entry>
    <entry id="27" name="hsa:4316" type="gene"
        link="http://www.genome.jp/dbget-bin/www_bget?hsa+4316">
        <graphics name="MMP7, MPSL1" fgcolor="#000000" bgcolor="#BFFFBF"
             type="rectangle" x="998" y="299" width="45" height="17"/>
    </entry>
    <entry id="28" name="hsa:5467" type="gene"
        link="http://www.genome.jp/dbget-bin/www_bget?hsa+5467">
        <graphics name="PPARD" fgcolor="#000000" bgcolor="#BFFFBF"
             type="rectangle" x="998" y="278" width="45" height="17"/>
    </entry>
    <entry id="29" name="hsa:595 hsa:894 hsa:896" type="gene"
        link="http://www.genome.jp/dbget-bin/www_bget?hsa+595+894+896">
        <graphics name="CCND1, BCL1, D11S287E, PRAD1..." fgcolor="#000000" bgcolor="#BFFFBF"
             type="rectangle" x="998" y="257" width="45" height="17"/>
    </entry>
    <entry id="30" name="hsa:8061" type="gene"
        link="http://www.genome.jp/dbget-bin/www_bget?hsa+8061">
        <graphics name="FOSL1" fgcolor="#000000" bgcolor="#BFFFBF"
             type="rectangle" x="998" y="236" width="45" height="17"/>
    </entry>
    <entry id="31" name="hsa:3725" type="gene"
        link="http://www.genome.jp/dbget-bin/www_bget?hsa+3725">
        <graphics name="JUN" fgcolor="#000000" bgcolor="#BFFFBF"
             type="rectangle" x="998" y="215" width="45" height="17"/>
    </entry>
    <entry id="32" name="hsa:4609" type="gene"
        link="http://www.genome.jp/dbget-bin/www_bget?hsa+4609">
        <graphics name="MYC" fgcolor="#000000" bgcolor="#BFFFBF"
             type="rectangle" x="998" y="194" width="45" height="17"/>
    </entry>
    <entry id="33" name="ko:K04497" type="ortholog">
        <graphics name="K04497" fgcolor="#000000" bgcolor="#FFFFFF"
             type="rectangle" x="915" y="305" width="45" height="17"/>
    </entry>
    <entry id="34" name="hsa:1487 hsa:1488" type="gene"
        link="http://www.genome.jp/dbget-bin/www_bget?hsa+1487+1488">
        <graphics name="CTBP1..." fgcolor="#000000" bgcolor="#BFFFBF"
             type="rectangle" x="855" y="316" width="45" height="17"/>
    </entry>
    <entry id="35" name="hsa:64321" type="gene"
        link="http://www.genome.jp/dbget-bin/www_bget?hsa+64321">
        <graphics name="SOX17" fgcolor="#000000" bgcolor="#BFFFBF"
             type="rectangle" x="787" y="305" width="45" height="17"/>
    </entry>
    <entry id="36" name="hsa:4089" type="gene"
        link="http://www.genome.jp/dbget-bin/www_bget?hsa+4089">
        <graphics name="SMAD4, MADH4" fgcolor="#000000" bgcolor="#BFFFBF"
             type="rectangle" x="821" y="264" width="45" height="17"/>
    </entry>
    <entry id="39" name="hsa:1387 hsa:2033" type="gene"
        link="http://www.genome.jp/dbget-bin/www_bget?hsa+1387+2033">
        <graphics name="CREBBP, RSTS..." fgcolor="#000000" bgcolor="#BFFFBF"
             type="rectangle" x="853" y="207" width="45" height="17"/>
    </entry>
    <entry id="40" name="hsa:8607" type="gene"
        link="http://www.genome.jp/dbget-bin/www_bget?hsa+8607">
        <graphics name="RUVBL1" fgcolor="#000000" bgcolor="#BFFFBF"
             type="rectangle" x="811" y="229" width="45" height="17"/>
    </entry>
    <entry id="41" name="hsa:57680" type="gene"
        link="http://www.genome.jp/dbget-bin/www_bget?hsa+57680">
        <graphics name="CHD8, HELSNF1" fgcolor="#000000" bgcolor="#BFFFBF"
             type="rectangle" x="784" y="195" width="45" height="17"/>
    </entry>
    <entry id="42" name="hsa:56998" type="gene"
        link="http://www.genome.jp/dbget-bin/www_bget?hsa+56998">
        <graphics name="CTNNBIP1" fgcolor="#000000" bgcolor="#BFFFBF"
             type="rectangle" x="708" y="286" width="45" height="17"/>
    </entry>
    <entry id="43" name="hsa:51701" type="gene"
        link="http://www.genome.jp/dbget-bin/www_bget?hsa+51701">
        <graphics name="NLK" fgcolor="#000000" bgcolor="#BFFFBF"
             type="rectangle" x="905" y="152" width="45" height="17"/>
    </entry>
    <entry id="44" name="hsa:6885" type="gene"
        link="http://www.genome.jp/dbget-bin/www_bget?hsa+6885">
        <graphics name="MAP3K7, TAK1" fgcolor="#000000" bgcolor="#BFFFBF"
             type="rectangle" x="712" y="152" width="45" height="17"/>
    </entry>
    <entry id="45" name="hsa:122011 hsa:1452" type="gene"
        link="http://www.genome.jp/dbget-bin/www_bget?hsa+122011+1452">
        <graphics name="CSNK1A1L..." fgcolor="#000000" bgcolor="#BFFFBF"
             type="rectangle" x="605" y="275" width="45" height="17"/>
    </entry>
    <entry id="46" name="hsa:9978" type="gene"
        link="http://www.genome.jp/dbget-bin/www_bget?hsa+9978">
        <graphics name="RBX1" fgcolor="#000000" bgcolor="#BFFFBF"
             type="rectangle" x="636" y="426" width="45" height="17"/>
    </entry>
    <entry id="47" name="hsa:8454" type="gene"
        link="http://www.genome.jp/dbget-bin/www_bget?hsa+8454">
        <graphics name="CUL1" fgcolor="#000000" bgcolor="#BFFFBF"
             type="rectangle" x="636" y="409" width="45" height="17"/>
    </entry>
    <entry id="48" name="hsa:6500" type="gene"
        link="http://www.genome.jp/dbget-bin/www_bget?hsa+6500">
        <graphics name="SKP1, SKP1A" fgcolor="#000000" bgcolor="#BFFFBF"
             type="rectangle" x="636" y="392" width="45" height="17"/>
    </entry>
    <entry id="49" name="hsa:23291 hsa:8945" type="gene"
        link="http://www.genome.jp/dbget-bin/www_bget?hsa+23291+8945">
        <graphics name="FBXW11, FBXW1B..." fgcolor="#000000" bgcolor="#BFFFBF"
             type="rectangle" x="624" y="375" width="45" height="17"/>
    </entry>
    <entry id="50" name="hsa:6907 hsa:79718 hsa:90665" type="gene"
        link="http://www.genome.jp/dbget-bin/www_bget?hsa+6907+79718+90665">
        <graphics name="TBL1X..." fgcolor="#000000" bgcolor="#BFFFBF"
             type="rectangle" x="530" y="442" width="45" height="17"/>
    </entry>
    <entry id="51" name="hsa:6500" type="gene"
        link="http://www.genome.jp/dbget-bin/www_bget?hsa+6500">
        <graphics name="SKP1, SKP1A" fgcolor="#000000" bgcolor="#BFFFBF"
             type="rectangle" x="530" y="425" width="45" height="17"/>
    </entry>
    <entry id="52" name="hsa:27101" type="gene"
        link="http://www.genome.jp/dbget-bin/www_bget?hsa+27101">
        <graphics name="CACYBP" fgcolor="#000000" bgcolor="#BFFFBF"
             type="rectangle" x="530" y="408" width="45" height="17"/>
    </entry>
    <entry id="53" name="hsa:10297 hsa:324" type="gene"
        link="http://www.genome.jp/dbget-bin/www_bget?hsa+10297+324">
        <graphics name="APC2..." fgcolor="#000000" bgcolor="#BFFFBF"
             type="rectangle" x="485" y="425" width="45" height="17"/>
    </entry>
    <entry id="54" name="hsa:6477" type="gene"
        link="http://www.genome.jp/dbget-bin/www_bget?hsa+6477">
        <graphics name="SIAH1" fgcolor="#000000" bgcolor="#BFFFBF"
             type="rectangle" x="518" y="391" width="45" height="17"/>
    </entry>
    <entry id="55" name="hsa:85407 hsa:85409" type="gene"
        link="http://www.genome.jp/dbget-bin/www_bget?hsa+85407+85409">
        <graphics name="NKD1..." fgcolor="#000000" bgcolor="#BFFFBF"
             type="rectangle" x="326" y="404" width="45" height="17"/>
    </entry>
    <entry id="57" name="hsa:7157" type="gene"
        link="http://www.genome.jp/dbget-bin/www_bget?hsa+7157">
        <graphics name="TP53" fgcolor="#000000" bgcolor="#BFFFBF"
             type="rectangle" x="426" y="391" width="45" height="17"/>
    </entry>
    <entry id="58" name="hsa:8312 hsa:8313" type="gene"
        link="http://www.genome.jp/dbget-bin/www_bget?hsa+8312+8313">
        <graphics name="AXIN1..." fgcolor="#000000" bgcolor="#BFFFBF"
             type="rectangle" x="468" y="304" width="45" height="17"/>
    </entry>
    <entry id="59" name="hsa:5515 hsa:5516 hsa:5518 hsa:5519 hsa:5520 hsa:5521 hsa:5522" type="gene"
        link="http://www.genome.jp/dbget-bin/www_bget?hsa+5515+5516+5518+5519+5520+5521+5522">
        <graphics name="PPP2CA..." fgcolor="#000000" bgcolor="#BFFFBF"
             type="rectangle" x="519" y="280" width="45" height="17"/>
    </entry>
    <entry id="60" name="hsa:10297 hsa:324" type="gene"
        link="http://www.genome.jp/dbget-bin/www_bget?hsa+10297+324">
        <graphics name="APC2..." fgcolor="#000000" bgcolor="#BFFFBF"
             type="rectangle" x="545" y="263" width="45" height="17"/>
    </entry>
    <entry id="61" name="hsa:1499" type="gene"
        link="http://www.genome.jp/dbget-bin/www_bget?hsa+1499">
        <graphics name="CTNNB1, CTNNB" fgcolor="#000000" bgcolor="#BFFFBF"
             type="rectangle" x="575" y="246" width="45" height="17"/>
    </entry>
    <entry id="62" name="hsa:5566 hsa:5567 hsa:5568 hsa:5613 hsa:5616" type="gene"
        link="http://www.genome.jp/dbget-bin/www_bget?hsa+5566+5567+5568+5613+5616">
        <graphics name="PRKACA..." fgcolor="#000000" bgcolor="#BFFFBF"
             type="rectangle" x="530" y="175" width="45" height="17"/>
    </entry>
    <entry id="63" name="hsa:5663" type="gene"
        link="http://www.genome.jp/dbget-bin/www_bget?hsa+5663">
        <graphics name="PSEN1" fgcolor="#000000" bgcolor="#BFFFBF"
             type="rectangle" x="514" y="151" width="45" height="17"/>
    </entry>
    <entry id="64" name="hsa:2932" type="gene"
        link="http://www.genome.jp/dbget-bin/www_bget?hsa+2932">
        <graphics name="GSK3B" fgcolor="#000000" bgcolor="#BFFFBF"
             type="rectangle" x="468" y="246" width="45" height="17"/>
    </entry>
    <entry id="65" name="hsa:10023 hsa:23401" type="gene"
        link="http://www.genome.jp/dbget-bin/www_bget?hsa+10023+23401">
        <graphics name="FRAT1..." fgcolor="#000000" bgcolor="#BFFFBF"
             type="rectangle" x="405" y="233" width="45" height="17"/>
    </entry>
    <entry id="66" name="hsa:59343" type="gene"
        link="http://www.genome.jp/dbget-bin/www_bget?hsa+59343">
        <graphics name="SENP2" fgcolor="#000000" bgcolor="#BFFFBF"
             type="rectangle" x="371" y="290" width="45" height="17"/>
    </entry>
    <entry id="67" name="hsa:1855 hsa:1856 hsa:1857" type="gene"
        link="http://www.genome.jp/dbget-bin/www_bget?hsa+1855+1856+1857">
        <graphics name="DVL1..." fgcolor="#000000" bgcolor="#BFFFBF"
             type="rectangle" x="360" y="246" width="45" height="17"/>
    </entry>
    <entry id="68" name="hsa:1457 hsa:1459 hsa:1460" type="gene"
        link="http://www.genome.jp/dbget-bin/www_bget?hsa+1457+1459+1460">
        <graphics name="CSNK2A1..." fgcolor="#000000" bgcolor="#BFFFBF"
             type="rectangle" x="412" y="269" width="45" height="17"/>
    </entry>
    <entry id="69" name="hsa:80319" type="gene"
        link="http://www.genome.jp/dbget-bin/www_bget?hsa+80319">
        <graphics name="CXXC4" fgcolor="#000000" bgcolor="#BFFFBF"
             type="rectangle" x="349" y="185" width="45" height="17"/>
    </entry>
    <entry id="70" name="hsa:1454" type="gene"
        link="http://www.genome.jp/dbget-bin/www_bget?hsa+1454">
        <graphics name="CSNK1E" fgcolor="#000000" bgcolor="#BFFFBF"
             type="rectangle" x="323" y="229" width="45" height="17"/>
    </entry>
    <entry id="71" name="hsa:22943 hsa:27121 hsa:27123" type="gene"
        link="http://www.genome.jp/dbget-bin/www_bget?hsa+22943+27121+27123">
        <graphics name="DKK1..." fgcolor="#000000" bgcolor="#BFFFBF"
             type="rectangle" x="188" y="337" width="45" height="17"/>
    </entry>
    <entry id="72" name="hsa:11197" type="gene"
        link="http://www.genome.jp/dbget-bin/www_bget?hsa+11197">
        <graphics name="WIF1" fgcolor="#000000" bgcolor="#BFFFBF"
             type="rectangle" x="162" y="298" width="45" height="17"/>
    </entry>
    <entry id="73" name="hsa:9350" type="gene"
        link="http://www.genome.jp/dbget-bin/www_bget?hsa+9350">
        <graphics name="CER1" fgcolor="#000000" bgcolor="#BFFFBF"
             type="rectangle" x="109" y="298" width="45" height="17"/>
    </entry>
    <entry id="74" name="hsa:4040 hsa:4041" type="gene"
        link="http://www.genome.jp/dbget-bin/www_bget?hsa+4040+4041">
        <graphics name="LRP6..." fgcolor="#000000" bgcolor="#BFFFBF"
             type="rectangle" x="234" y="281" width="45" height="17"/>
    </entry>
    <entry id="75" name="hsa:11211 hsa:2535 hsa:7855 hsa:7976 hsa:8321 hsa:8322 hsa:8323 hsa:8324 hsa:8325 hsa:8326" type="gene"
        link="http://www.genome.jp/dbget-bin/www_bget?hsa+11211+2535+7855+7976+8321+8322+8323+8324+8325+8326">
        <graphics name="FZD10..." fgcolor="#000000" bgcolor="#BFFFBF"
             type="rectangle" x="234" y="246" width="45" height="17"/>
    </entry>
    <entry id="76" name="ko:K02306" type="ortholog">
        <graphics name="K02306" fgcolor="#000000" bgcolor="#FFFFFF"
             type="rectangle" x="234" y="211" width="45" height="17"/>
    </entry>
    <entry id="77" name="hsa:6422 hsa:6423 hsa:6424 hsa:6425" type="gene"
        link="http://www.genome.jp/dbget-bin/www_bget?hsa+6422+6423+6424+6425">
        <graphics name="SFRP1..." fgcolor="#000000" bgcolor="#BFFFBF"
             type="rectangle" x="182" y="187" width="45" height="17"/>
    </entry>
    <entry id="78" name="hsa:64840" type="gene"
        link="http://www.genome.jp/dbget-bin/www_bget?hsa+64840">
        <graphics name="PORCN" fgcolor="#000000" bgcolor="#BFFFBF"
             type="rectangle" x="94" y="224" width="46" height="17"/>
    </entry>
    <entry id="79" name="hsa:51384 hsa:54361 hsa:7471 hsa:7472 hsa:7473 hsa:7474 hsa:7475 hsa:7476 hsa:7477 hsa:7478 hsa:7479 hsa:7480 hsa:7481 hsa:7482 hsa:7483 hsa:7484 hsa:80326 hsa:81029 hsa:89780" type="gene"
        link="http://www.genome.jp/dbget-bin/www_bget?hsa+51384+54361+7471+7472+7473+7474+7475+7476+7477+7478+7479+7480+7481+7482+7483+7484+80326+81029+89780">
        <graphics name="WNT16..." fgcolor="#000000" bgcolor="#BFFFBF"
             type="rectangle" x="152" y="246" width="45" height="17"/>
    </entry>
    <entry id="80" name="undefined" type="group">
        <graphics fgcolor="#000000" bgcolor="#FFFFFF"
             type="rectangle" x="508" y="417" width="110" height="88"/>
        <component id="50"/>
        <component id="51"/>
        <component id="52"/>
        <component id="53"/>
        <component id="54"/>
    </entry>
    <entry id="81" name="undefined" type="group">
        <graphics fgcolor="#000000" bgcolor="#FFFFFF"
             type="rectangle" x="630" y="401" width="77" height="88"/>
        <component id="46"/>
        <component id="47"/>
        <component id="48"/>
        <component id="49"/>
    </entry>
    <entry id="83" name="cpd:C00076" type="compound"
        link="http://www.genome.jp/dbget-bin/www_bget?compound+C00076">
        <graphics name="C00076" fgcolor="#000000" bgcolor="#FFFFFF"
             type="circle" x="458" y="731" width="8" height="8"/>
    </entry>
    <entry id="84" name="hsa:4087 hsa:4088" type="gene"
        link="http://www.genome.jp/dbget-bin/www_bget?hsa+4087+4088">
        <graphics name="SMAD2, MADH2..." fgcolor="#000000" bgcolor="#BFFFBF"
             type="rectangle" x="821" y="281" width="45" height="17"/>
    </entry>
    <entry id="85" name="hsa:51176 hsa:6932 hsa:6934 hsa:83439" type="gene"
        link="http://www.genome.jp/dbget-bin/www_bget?hsa+51176+6932+6934+83439">
        <graphics name="LEF1..." fgcolor="#000000" bgcolor="#BFFFBF"
             type="rectangle" x="881" y="246" width="45" height="17"/>
    </entry>
    <entry id="86" name="undefined" type="group">
        <graphics fgcolor="#000000" bgcolor="#FFFFFF"
             type="rectangle" x="821" y="273" width="65" height="54"/>
        <component id="36"/>
        <component id="84"/>
    </entry>
    <entry id="87" name="path:hsa04520" type="map"
        link="http://www.genome.jp/kegg/pathway/hsa/hsa04520.html">
        <graphics name="Adherens junction" fgcolor="#000000" bgcolor="#FFFFFF"
             type="roundrectangle" x="923" y="77" width="111" height="39"/>
    </entry>
    <entry id="88" name="path:hsa04115" type="map"
        link="http://www.genome.jp/kegg/pathway/hsa/hsa04115.html">
        <graphics name="p53 signaling pathway" fgcolor="#000000" bgcolor="#FFFFFF"
             type="roundrectangle" x="422" y="358" width="94" height="38"/>
    </entry>
    <relation entry1="78" entry2="79" type="PPrel">
        <subtype name="activation" value="-->"/>
    </relation>
    <relation entry1="79" entry2="75" type="PPrel">
        <subtype name="activation" value="-->"/>
    </relation>
    <relation entry1="63" entry2="61" type="PPrel">
        <subtype name="activation" value="-->"/>
    </relation>
    <relation entry1="36" entry2="85" type="PPrel">
        <subtype name="activation" value="-->"/>
    </relation>
    <relation entry1="44" entry2="43" type="PPrel">
        <subtype name="phosphorylation" value="+p"/>
    </relation>
    <relation entry1="43" entry2="85" type="PPrel">
        <subtype name="inhibition" value="--|"/>
        <subtype name="phosphorylation" value="+p"/>
    </relation>
    <relation entry1="75" entry2="67" type="PPrel">
        <subtype name="indirect" value="..>"/>
    </relation>
    <relation entry1="57" entry2="54" type="PPrel">
        <subtype name="indirect" value="..>"/>
    </relation>
    <relation entry1="24" entry2="21" type="PPrel">
        <subtype name="indirect" value="..>"/>
    </relation>
    <relation entry1="21" entry2="17" type="PPrel">
        <subtype name="indirect" value="..>"/>
    </relation>
    <relation entry1="19" entry2="16" type="PPrel">
        <subtype name="indirect" value="..>"/>
    </relation>
    <relation entry1="14" entry2="13" type="PPrel">
        <subtype name="indirect" value="..>"/>
    </relation>
    <relation entry1="77" entry2="79" type="PPrel">
        <subtype name="inhibition" value="--|"/>
    </relation>
    <relation entry1="77" entry2="75" type="PPrel">
        <subtype name="inhibition" value="--|"/>
    </relation>
    <relation entry1="73" entry2="79" type="PPrel">
        <subtype name="inhibition" value="--|"/>
    </relation>
    <relation entry1="72" entry2="79" type="PPrel">
        <subtype name="inhibition" value="--|"/>
    </relation>
    <relation entry1="71" entry2="74" type="PPrel">
        <subtype name="inhibition" value="--|"/>
    </relation>
    <relation entry1="69" entry2="67" type="PPrel">
        <subtype name="inhibition" value="--|"/>
    </relation>
    <relation entry1="66" entry2="67" type="PPrel">
        <subtype name="inhibition" value="--|"/>
    </relation>
    <relation entry1="67" entry2="64" type="PPrel">
        <subtype name="inhibition" value="--|"/>
    </relation>
    <relation entry1="42" entry2="61" type="PPrel">
        <subtype name="inhibition" value="--|"/>
    </relation>
    <relation entry1="35" entry2="85" type="PPrel">
        <subtype name="inhibition" value="--|"/>
    </relation>
    <relation entry1="41" entry2="61" type="PPrel">
        <subtype name="inhibition" value="--|"/>
    </relation>
    <relation entry1="34" entry2="85" type="PPrel">
        <subtype name="inhibition" value="--|"/>
    </relation>
    <relation entry1="39" entry2="85" type="PPrel">
        <subtype name="binding/association" value="---"/>
    </relation>
    <relation entry1="40" entry2="85" type="PPrel">
        <subtype name="binding/association" value="---"/>
    </relation>
    <relation entry1="40" entry2="61" type="PPrel">
        <subtype name="binding/association" value="---"/>
    </relation>
    <relation entry1="62" entry2="63" type="PPrel">
        <subtype name="binding/association" value="---"/>
    </relation>
    <relation entry1="62" entry2="64" type="PPrel">
        <subtype name="phosphorylation" value="+p"/>
    </relation>
    <relation entry1="62" entry2="61" type="PPrel">
        <subtype name="phosphorylation" value="+p"/>
    </relation>
    <relation entry1="74" entry2="75" type="PPrel">
        <subtype name="binding/association" value="---"/>
    </relation>
    <relation entry1="58" entry2="70" type="PPrel">
        <subtype name="binding/association" value="---"/>
    </relation>
    <relation entry1="58" entry2="67" type="PPrel">
        <subtype name="binding/association" value="---"/>
    </relation>
    <relation entry1="58" entry2="64" type="PPrel">
        <subtype name="binding/association" value="---"/>
    </relation>
    <relation entry1="58" entry2="59" type="PPrel">
        <subtype name="binding/association" value="---"/>
    </relation>
    <relation entry1="58" entry2="60" type="PPrel">
        <subtype name="binding/association" value="---"/>
    </relation>
    <relation entry1="58" entry2="61" type="PPrel">
        <subtype name="binding/association" value="---"/>
    </relation>
    <relation entry1="45" entry2="58" type="PPrel">
        <subtype name="binding/association" value="---"/>
    </relation>
    <relation entry1="67" entry2="68" type="PPrel">
        <subtype name="binding/association" value="---"/>
    </relation>
    <relation entry1="65" entry2="67" type="PPrel">
        <subtype name="binding/association" value="---"/>
    </relation>
    <relation entry1="64" entry2="65" type="PPrel">
        <subtype name="binding/association" value="---"/>
    </relation>
    <relation entry1="45" entry2="61" type="PPrel">
        <subtype name="binding/association" value="---"/>
    </relation>
    <relation entry1="60" entry2="61" type="PPrel">
        <subtype name="binding/association" value="---"/>
    </relation>
    <relation entry1="60" entry2="67" type="PPrel">
        <subtype name="binding/association" value="---"/>
    </relation>
    <relation entry1="50" entry2="60" type="PPrel">
        <subtype name="binding/association" value="---"/>
    </relation>
    <relation entry1="49" entry2="61" type="PPrel">
        <subtype name="ubiquination" value="+u"/>
    </relation>
    <relation entry1="50" entry2="61" type="PPrel">
        <subtype name="ubiquination" value="+u"/>
    </relation>
    <relation entry1="55" entry2="21" type="PPrel">
        <subtype name="activation" value="-->"/>
    </relation>
    <relation entry1="55" entry2="67" type="PPrel">
        <subtype name="inhibition" value="--|"/>
    </relation>
    <relation entry1="26" entry2="24" type="PPrel">
        <subtype name="activation" value="-->"/>
    </relation>
    <relation entry1="20" entry2="21" type="PPrel">
        <subtype name="binding/association" value="---"/>
    </relation>
    <relation entry1="19" entry2="20" type="PPrel">
        <subtype name="dissociation" value="-+-"/>
    </relation>
    <relation entry1="19" entry2="18" type="PPrel">
        <subtype name="activation" value="-->"/>
    </relation>
    <relation entry1="17" entry2="16" type="PPrel">
        <subtype name="activation" value="-->"/>
    </relation>
    <relation entry1="13" entry2="12" type="PPrel">
        <subtype name="compound" value="83"/>
    </relation>
    <relation entry1="13" entry2="11" type="PPrel">
        <subtype name="compound" value="83"/>
    </relation>
    <relation entry1="13" entry2="10" type="PPrel">
        <subtype name="compound" value="83"/>
    </relation>
    <relation entry1="11" entry2="9" type="PPrel">
        <subtype name="dephosphorylation" value="-p"/>
    </relation>
    <relation entry1="61" entry2="85" type="PPrel">
        <subtype name="activation" value="-->"/>
    </relation>
    <relation entry1="21" entry2="25" type="PPrel">
        <subtype name="binding/association" value="---"/>
    </relation>
    <relation entry1="22" entry2="25" type="PPrel">
        <subtype name="binding/association" value="---"/>
    </relation>
    <relation entry1="21" entry2="22" type="PPrel">
        <subtype name="binding/association" value="---"/>
    </relation>
    <relation entry1="15" entry2="14" type="PPrel">
        <subtype name="activation" value="-->"/>
    </relation>
    <relation entry1="85" entry2="32" type="GErel">
        <subtype name="expression" value="-->"/>
    </relation>
    <relation entry1="85" entry2="31" type="GErel">
        <subtype name="expression" value="-->"/>
    </relation>
    <relation entry1="85" entry2="30" type="GErel">
        <subtype name="expression" value="-->"/>
    </relation>
    <relation entry1="85" entry2="29" type="GErel">
        <subtype name="expression" value="-->"/>
    </relation>
    <relation entry1="85" entry2="28" type="GErel">
        <subtype name="expression" value="-->"/>
    </relation>
    <relation entry1="85" entry2="27" type="GErel">
        <subtype name="expression" value="-->"/>
    </relation>
    <relation entry1="64" entry2="61" type="PPrel">
        <subtype name="inhibition" value="--|"/>
        <subtype name="phosphorylation" value="+p"/>
    </relation>
</pathway>
