<?xml version="1.0"?>
<!DOCTYPE pathway SYSTEM "http://www.genome.jp/kegg/xml/KGML_v0.6.1_.dtd">
<!-- Creation date: Aug 30 2008 00:20:27 +0900 (JST) -->
<pathway name="path:hsa04115" org="hsa" number="04115"
         title="p53 signaling pathway"
         image="http://www.genome.jp/kegg/pathway/hsa/hsa04115.gif"
         link="http://www.genome.jp/dbget-bin/show_pathway?hsa04115">
    <entry id="1" name="hsa:6477" type="gene"
        link="http://www.genome.jp/dbget-bin/www_bget?hsa+6477">
        <graphics name="SIAH1" fgcolor="#000000" bgcolor="#BFFFBF"
             type="rectangle" x="773" y="603" width="45" height="17"/>
    </entry>
    <entry id="2" name="hsa:3486" type="gene"
        link="http://www.genome.jp/dbget-bin/www_bget?hsa+3486">
        <graphics name="IGFBP3" fgcolor="#000000" bgcolor="#BFFFBF"
             type="rectangle" x="668" y="524" width="45" height="17"/>
    </entry>
    <entry id="3" name="hsa:10912 hsa:1647 hsa:4616" type="gene"
        link="http://www.genome.jp/dbget-bin/www_bget?hsa+10912+1647+4616">
        <graphics name="GADD45G..." fgcolor="#000000" bgcolor="#BFFFBF"
             type="rectangle" x="668" y="483" width="45" height="17"/>
    </entry>
    <entry id="4" name="hsa:4194" type="gene"
        link="http://www.genome.jp/dbget-bin/www_bget?hsa+4194">
        <graphics name="MDM4" fgcolor="#000000" bgcolor="#BFFFBF"
             type="rectangle" x="306" y="426" width="45" height="17"/>
    </entry>
    <entry id="5" name="hsa:1111" type="gene"
        link="http://www.genome.jp/dbget-bin/www_bget?hsa+1111">
        <graphics name="CHEK1" fgcolor="#000000" bgcolor="#BFFFBF"
             type="rectangle" x="411" y="203" width="45" height="17"/>
    </entry>
    <entry id="6" name="hsa:545" type="gene"
        link="http://www.genome.jp/dbget-bin/www_bget?hsa+545">
        <graphics name="ATR" fgcolor="#000000" bgcolor="#BFFFBF"
             type="rectangle" x="332" y="202" width="45" height="17"/>
    </entry>
    <entry id="7" name="hsa:11200" type="gene"
        link="http://www.genome.jp/dbget-bin/www_bget?hsa+11200">
        <graphics name="CHEK2, RAD53" fgcolor="#000000" bgcolor="#BFFFBF"
             type="rectangle" x="455" y="175" width="45" height="17"/>
    </entry>
    <entry id="8" name="hsa:472 hsa:651610" type="gene"
        link="http://www.genome.jp/dbget-bin/www_bget?hsa+472+651610">
        <graphics name="ATM, ATA, ATDC, ATC, ATD..." fgcolor="#000000" bgcolor="#BFFFBF"
             type="rectangle" x="332" y="175" width="45" height="17"/>
    </entry>
    <entry id="9" name="hsa:56475" type="gene"
        link="http://www.genome.jp/dbget-bin/www_bget?hsa+56475">
        <graphics name="RPRM" fgcolor="#000000" bgcolor="#BFFFBF"
             type="rectangle" x="563" y="150" width="45" height="17"/>
    </entry>
    <entry id="10" name="hsa:2810" type="gene"
        link="http://www.genome.jp/dbget-bin/www_bget?hsa+2810">
        <graphics name="SFN" fgcolor="#000000" bgcolor="#BFFFBF"
             type="rectangle" x="563" y="126" width="45" height="17"/>
    </entry>
    <entry id="11" name="hsa:1017" type="gene"
        link="http://www.genome.jp/dbget-bin/www_bget?hsa+1017">
        <graphics name="CDK2" fgcolor="#000000" bgcolor="#BFFFBF"
             type="rectangle" x="692" y="115" width="45" height="17"/>
    </entry>
    <entry id="12" name="hsa:898 hsa:9134" type="gene"
        link="http://www.genome.jp/dbget-bin/www_bget?hsa+898+9134">
        <graphics name="CCNE1, CCNE..." fgcolor="#000000" bgcolor="#BFFFBF"
             type="rectangle" x="692" y="98" width="45" height="17"/>
    </entry>
    <entry id="13" name="path:hsa04110" type="map"
        link="http://www.genome.jp/kegg/pathway/hsa/hsa04110.html">
        <graphics name="Cell cycle" fgcolor="#000000" bgcolor="#FFFFFF"
             type="roundrectangle" x="306" y="477" width="103" height="38"/>
    </entry>
    <entry id="14" name="path:hsa04210" type="map"
        link="http://www.genome.jp/kegg/pathway/hsa/hsa04210.html">
        <graphics name="Apoptosis" fgcolor="#000000" bgcolor="#FFFFFF"
             type="roundrectangle" x="1075" y="271" width="103" height="38"/>
    </entry>
    <entry id="15" name="hsa:7249" type="gene"
        link="http://www.genome.jp/dbget-bin/www_bget?hsa+7249">
        <graphics name="TSC2, TSC4" fgcolor="#000000" bgcolor="#BFFFBF"
             type="rectangle" x="616" y="524" width="45" height="17"/>
    </entry>
    <entry id="16" name="hsa:8493" type="gene"
        link="http://www.genome.jp/dbget-bin/www_bget?hsa+8493">
        <graphics name="PPM1D" fgcolor="#000000" bgcolor="#BFFFBF"
             type="rectangle" x="826" y="603" width="45" height="17"/>
    </entry>
    <entry id="17" name="hsa:7161" type="gene"
        link="http://www.genome.jp/dbget-bin/www_bget?hsa+7161">
        <graphics name="TP73" fgcolor="#000000" bgcolor="#BFFFBF"
             type="rectangle" x="878" y="603" width="45" height="17"/>
    </entry>
    <entry id="18" name="hsa:900 hsa:901" type="gene"
        link="http://www.genome.jp/dbget-bin/www_bget?hsa+900+901">
        <graphics name="CCNG1, CCNG..." fgcolor="#000000" bgcolor="#BFFFBF"
             type="rectangle" x="721" y="603" width="46" height="17"/>
    </entry>
    <entry id="19" name="hsa:64326" type="gene"
        link="http://www.genome.jp/dbget-bin/www_bget?hsa+64326">
        <graphics name="RFWD2" fgcolor="#000000" bgcolor="#BFFFBF"
             type="rectangle" x="616" y="603" width="45" height="17"/>
    </entry>
    <entry id="20" name="hsa:50484 hsa:6241" type="gene"
        link="http://www.genome.jp/dbget-bin/www_bget?hsa+50484+6241">
        <graphics name="RRM2B..." fgcolor="#000000" bgcolor="#BFFFBF"
             type="rectangle" x="616" y="483" width="45" height="17"/>
    </entry>
    <entry id="21" name="hsa:1643" type="gene"
        link="http://www.genome.jp/dbget-bin/www_bget?hsa+1643">
        <graphics name="DDB2" fgcolor="#000000" bgcolor="#BFFFBF"
             type="rectangle" x="563" y="483" width="45" height="17"/>
    </entry>
    <entry id="22" name="hsa:55240" type="gene"
        link="http://www.genome.jp/dbget-bin/www_bget?hsa+55240">
        <graphics name="STEAP3" fgcolor="#000000" bgcolor="#BFFFBF"
             type="rectangle" x="563" y="563" width="45" height="17"/>
    </entry>
    <entry id="23" name="hsa:5728" type="gene"
        link="http://www.genome.jp/dbget-bin/www_bget?hsa+5728">
        <graphics name="PTEN, BZS, MHAM" fgcolor="#000000" bgcolor="#BFFFBF"
             type="rectangle" x="563" y="524" width="45" height="17"/>
    </entry>
    <entry id="24" name="hsa:5268" type="gene"
        link="http://www.genome.jp/dbget-bin/www_bget?hsa+5268">
        <graphics name="SERPINB5" fgcolor="#000000" bgcolor="#BFFFBF"
             type="rectangle" x="826" y="442" width="45" height="17"/>
    </entry>
    <entry id="25" name="hsa:3732" type="gene"
        link="http://www.genome.jp/dbget-bin/www_bget?hsa+3732">
        <graphics name="CD82, ST6, KAI1" fgcolor="#000000" bgcolor="#BFFFBF"
             type="rectangle" x="668" y="442" width="45" height="17"/>
    </entry>
    <entry id="26" name="hsa:" type="gene">
        <graphics fgcolor="#000000" bgcolor="#FFFFFF"
             type="rectangle" x="721" y="442" width="46" height="17"/>
    </entry>
    <entry id="27" name="hsa:7057" type="gene"
        link="http://www.genome.jp/dbget-bin/www_bget?hsa+7057">
        <graphics name="THBS1" fgcolor="#000000" bgcolor="#BFFFBF"
             type="rectangle" x="773" y="442" width="45" height="17"/>
    </entry>
    <entry id="28" name="hsa:3486" type="gene"
        link="http://www.genome.jp/dbget-bin/www_bget?hsa+3486">
        <graphics name="IGFBP3" fgcolor="#000000" bgcolor="#BFFFBF"
             type="rectangle" x="563" y="401" width="45" height="17"/>
    </entry>
    <entry id="29" name="hsa:3479" type="gene"
        link="http://www.genome.jp/dbget-bin/www_bget?hsa+3479">
        <graphics name="IGF1" fgcolor="#000000" bgcolor="#BFFFBF"
             type="rectangle" x="673" y="401" width="45" height="17"/>
    </entry>
    <entry id="30" name="hsa:5054" type="gene"
        link="http://www.genome.jp/dbget-bin/www_bget?hsa+5054">
        <graphics name="SERPINE1, PLANH1, PAI1" fgcolor="#000000" bgcolor="#BFFFBF"
             type="rectangle" x="563" y="442" width="45" height="17"/>
    </entry>
    <entry id="31" name="hsa:575" type="gene"
        link="http://www.genome.jp/dbget-bin/www_bget?hsa+575">
        <graphics name="BAI1" fgcolor="#000000" bgcolor="#BFFFBF"
             type="rectangle" x="616" y="442" width="45" height="17"/>
    </entry>
    <entry id="32" name="hsa:1029" type="gene"
        link="http://www.genome.jp/dbget-bin/www_bget?hsa+1029">
        <graphics name="CDKN2A, CDKN2, MLM" fgcolor="#000000" bgcolor="#BFFFBF"
             type="rectangle" x="238" y="362" width="45" height="17"/>
    </entry>
    <entry id="33" name="hsa:1026" type="gene"
        link="http://www.genome.jp/dbget-bin/www_bget?hsa+1026">
        <graphics name="CDKN1A, CDKN1" fgcolor="#000000" bgcolor="#BFFFBF"
             type="rectangle" x="563" y="91" width="45" height="17"/>
    </entry>
    <entry id="34" name="hsa:64393" type="gene"
        link="http://www.genome.jp/dbget-bin/www_bget?hsa+64393">
        <graphics name="ZMAT3" fgcolor="#000000" bgcolor="#BFFFBF"
             type="rectangle" x="668" y="363" width="45" height="17"/>
    </entry>
    <entry id="35" name="hsa:637" type="gene"
        link="http://www.genome.jp/dbget-bin/www_bget?hsa+637">
        <graphics name="BID" fgcolor="#000000" bgcolor="#BFFFBF"
             type="rectangle" x="776" y="274" width="45" height="17"/>
    </entry>
    <entry id="36" name="hsa:9538 hsa:9540" type="gene"
        link="http://www.genome.jp/dbget-bin/www_bget?hsa+9538+9540">
        <graphics name="EI24..." fgcolor="#000000" bgcolor="#BFFFBF"
             type="rectangle" x="563" y="331" width="45" height="17"/>
    </entry>
    <entry id="37" name="hsa:355" type="gene"
        link="http://www.genome.jp/dbget-bin/www_bget?hsa+355">
        <graphics name="FAS" fgcolor="#000000" bgcolor="#BFFFBF"
             type="rectangle" x="563" y="240" width="45" height="17"/>
    </entry>
    <entry id="38" name="hsa:51512" type="gene"
        link="http://www.genome.jp/dbget-bin/www_bget?hsa+51512">
        <graphics name="GTSE1" fgcolor="#000000" bgcolor="#BFFFBF"
             type="rectangle" x="563" y="206" width="45" height="17"/>
    </entry>
    <entry id="39" name="hsa:581" type="gene"
        link="http://www.genome.jp/dbget-bin/www_bget?hsa+581">
        <graphics name="BAX" fgcolor="#000000" bgcolor="#BFFFBF"
             type="rectangle" x="563" y="296" width="45" height="17"/>
    </entry>
    <entry id="40" name="hsa:55367" type="gene"
        link="http://www.genome.jp/dbget-bin/www_bget?hsa+55367">
        <graphics name="LRDD" fgcolor="#000000" bgcolor="#BFFFBF"
             type="rectangle" x="563" y="262" width="45" height="17"/>
    </entry>
    <entry id="41" name="hsa:8795" type="gene"
        link="http://www.genome.jp/dbget-bin/www_bget?hsa+8795">
        <graphics name="TNFRSF10B" fgcolor="#000000" bgcolor="#BFFFBF"
             type="rectangle" x="616" y="250" width="45" height="17"/>
    </entry>
    <entry id="42" name="hsa:841" type="gene"
        link="http://www.genome.jp/dbget-bin/www_bget?hsa+841">
        <graphics name="CASP8" fgcolor="#000000" bgcolor="#BFFFBF"
             type="rectangle" x="701" y="250" width="46" height="17"/>
    </entry>
    <entry id="43" name="hsa:983" type="gene"
        link="http://www.genome.jp/dbget-bin/www_bget?hsa+983">
        <graphics name="CDC2" fgcolor="#000000" bgcolor="#BFFFBF"
             type="rectangle" x="692" y="183" width="45" height="16"/>
    </entry>
    <entry id="44" name="hsa:317" type="gene"
        link="http://www.genome.jp/dbget-bin/www_bget?hsa+317">
        <graphics name="APAF1" fgcolor="#000000" bgcolor="#BFFFBF"
             type="rectangle" x="907" y="348" width="45" height="17"/>
    </entry>
    <entry id="45" name="hsa:54205" type="gene"
        link="http://www.genome.jp/dbget-bin/www_bget?hsa+54205">
        <graphics name="CYCS" fgcolor="#000000" bgcolor="#BFFFBF"
             type="rectangle" x="906" y="316" width="45" height="17"/>
    </entry>
    <entry id="46" name="hsa:842" type="gene"
        link="http://www.genome.jp/dbget-bin/www_bget?hsa+842">
        <graphics name="CASP9" fgcolor="#000000" bgcolor="#BFFFBF"
             type="rectangle" x="1009" y="332" width="45" height="17"/>
    </entry>
    <entry id="47" name="hsa:4193" type="gene"
        link="http://www.genome.jp/dbget-bin/www_bget?hsa+4193">
        <graphics name="MDM2" fgcolor="#000000" bgcolor="#BFFFBF"
             type="rectangle" x="306" y="362" width="45" height="17"/>
    </entry>
    <entry id="48" name="hsa:7157" type="gene"
        link="http://www.genome.jp/dbget-bin/www_bget?hsa+7157">
        <graphics name="TP53" fgcolor="#000000" bgcolor="#BFFFBF"
             type="rectangle" x="396" y="362" width="45" height="17"/>
    </entry>
    <entry id="49" name="hsa:4193" type="gene"
        link="http://www.genome.jp/dbget-bin/www_bget?hsa+4193">
        <graphics name="MDM2" fgcolor="#000000" bgcolor="#BFFFBF"
             type="rectangle" x="563" y="603" width="45" height="17"/>
    </entry>
    <entry id="50" name="hsa:25898" type="gene"
        link="http://www.genome.jp/dbget-bin/www_bget?hsa+25898">
        <graphics name="RCHY1, ZNF363" fgcolor="#000000" bgcolor="#BFFFBF"
             type="rectangle" x="668" y="603" width="45" height="17"/>
    </entry>
    <entry id="51" name="hsa:10912 hsa:1647 hsa:4616" type="gene"
        link="http://www.genome.jp/dbget-bin/www_bget?hsa+10912+1647+4616">
        <graphics name="GADD45G..." fgcolor="#000000" bgcolor="#BFFFBF"
             type="rectangle" x="563" y="182" width="45" height="17"/>
    </entry>
    <entry id="52" name="hsa:1019 hsa:1021" type="gene"
        link="http://www.genome.jp/dbget-bin/www_bget?hsa+1019+1021">
        <graphics name="CDK4..." fgcolor="#000000" bgcolor="#BFFFBF"
             type="rectangle" x="692" y="70" width="45" height="17"/>
    </entry>
    <entry id="53" name="hsa:595 hsa:894 hsa:896" type="gene"
        link="http://www.genome.jp/dbget-bin/www_bget?hsa+595+894+896">
        <graphics name="CCND1, BCL1, D11S287E, PRAD1..." fgcolor="#000000" bgcolor="#BFFFBF"
             type="rectangle" x="692" y="53" width="45" height="17"/>
    </entry>
    <entry id="54" name="hsa:64065" type="gene"
        link="http://www.genome.jp/dbget-bin/www_bget?hsa+64065">
        <graphics name="PERP" fgcolor="#000000" bgcolor="#BFFFBF"
             type="rectangle" x="616" y="363" width="45" height="17"/>
    </entry>
    <entry id="55" name="hsa:51246" type="gene"
        link="http://www.genome.jp/dbget-bin/www_bget?hsa+51246">
        <graphics name="SHISA5" fgcolor="#000000" bgcolor="#BFFFBF"
             type="rectangle" x="563" y="363" width="45" height="17"/>
    </entry>
    <entry id="56" name="hsa:143686 hsa:27244 hsa:83667" type="gene"
        link="http://www.genome.jp/dbget-bin/www_bget?hsa+143686+27244+83667">
        <graphics name="SESN3..." fgcolor="#000000" bgcolor="#BFFFBF"
             type="rectangle" x="721" y="483" width="46" height="17"/>
    </entry>
    <entry id="57" name="hsa:85417 hsa:891 hsa:9133" type="gene"
        link="http://www.genome.jp/dbget-bin/www_bget?hsa+85417+891+9133">
        <graphics name="CCNB3..." fgcolor="#000000" bgcolor="#BFFFBF"
             type="rectangle" x="692" y="166" width="45" height="17"/>
    </entry>
    <entry id="58" name="hsa:836" type="gene"
        link="http://www.genome.jp/dbget-bin/www_bget?hsa+836">
        <graphics name="CASP3" fgcolor="#000000" bgcolor="#BFFFBF"
             type="rectangle" x="1085" y="331" width="45" height="17"/>
    </entry>
    <entry id="59" name="path:hsa04115" type="map"
        link="http://www.genome.jp/dbget-bin/get_linkdb?pathway+hsa04115">
        <graphics name="TITLE:p53 signaling pathway" fgcolor="#000000" bgcolor="#FFFFFF"
             type="roundrectangle" x="152" y="42" width="198" height="27"/>
    </entry>
    <entry id="60" name="path:hsa04110" type="map"
        link="http://www.genome.jp/kegg/pathway/hsa/hsa04110.html">
        <graphics name="Cell cycle" fgcolor="#000000" bgcolor="#FFFFFF"
             type="roundrectangle" x="1074" y="170" width="103" height="38"/>
    </entry>
    <entry id="61" name="hsa:6477" type="gene"
        link="http://www.genome.jp/dbget-bin/www_bget?hsa+6477">
        <graphics name="SIAH1" fgcolor="#000000" bgcolor="#BFFFBF"
             type="rectangle" x="721" y="363" width="46" height="17"/>
    </entry>
    <entry id="62" name="hsa:63970" type="gene"
        link="http://www.genome.jp/dbget-bin/www_bget?hsa+63970">
        <graphics name="P53AIP1" fgcolor="#000000" bgcolor="#BFFFBF"
             type="rectangle" x="721" y="296" width="46" height="17"/>
    </entry>
    <entry id="63" name="hsa:27113" type="gene"
        link="http://www.genome.jp/dbget-bin/www_bget?hsa+27113">
        <graphics name="BBC3" fgcolor="#000000" bgcolor="#BFFFBF"
             type="rectangle" x="668" y="296" width="45" height="17"/>
    </entry>
    <entry id="64" name="hsa:5366" type="gene"
        link="http://www.genome.jp/dbget-bin/www_bget?hsa+5366">
        <graphics name="PMAIP1" fgcolor="#000000" bgcolor="#BFFFBF"
             type="rectangle" x="616" y="296" width="45" height="17"/>
    </entry>
    <entry id="65" name="undefined" type="group">
        <graphics fgcolor="#000000" bgcolor="#FFFFFF"
             type="rectangle" x="692" y="62" width="65" height="54"/>
        <component id="52"/>
        <component id="53"/>
    </entry>
    <entry id="66" name="undefined" type="group">
        <graphics fgcolor="#000000" bgcolor="#FFFFFF"
             type="rectangle" x="692" y="107" width="65" height="54"/>
        <component id="11"/>
        <component id="12"/>
    </entry>
    <entry id="67" name="undefined" type="group">
        <graphics fgcolor="#000000" bgcolor="#FFFFFF"
             type="rectangle" x="692" y="174" width="65" height="53"/>
        <component id="43"/>
        <component id="57"/>
    </entry>
    <relation entry1="8" entry2="7" type="PPrel">
        <subtype name="activation" value="-->"/>
        <subtype name="phosphorylation" value="+p"/>
    </relation>
    <relation entry1="6" entry2="5" type="PPrel">
        <subtype name="activation" value="-->"/>
        <subtype name="phosphorylation" value="+p"/>
    </relation>
    <relation entry1="6" entry2="48" type="PPrel">
        <subtype name="activation" value="-->"/>
        <subtype name="phosphorylation" value="+p"/>
    </relation>
    <relation entry1="5" entry2="48" type="PPrel">
        <subtype name="activation" value="-->"/>
        <subtype name="phosphorylation" value="+p"/>
    </relation>
    <relation entry1="7" entry2="48" type="PPrel">
        <subtype name="activation" value="-->"/>
        <subtype name="phosphorylation" value="+p"/>
    </relation>
    <relation entry1="8" entry2="48" type="PPrel">
        <subtype name="activation" value="-->"/>
        <subtype name="phosphorylation" value="+p"/>
    </relation>
    <relation entry1="32" entry2="47" type="PPrel">
        <subtype name="inhibition" value="--|"/>
    </relation>
    <relation entry1="4" entry2="47" type="PPrel">
        <subtype name="activation" value="-->"/>
    </relation>
    <relation entry1="48" entry2="47" type="PPrel">
        <subtype name="activation" value="-->"/>
    </relation>
    <relation entry1="4" entry2="48" type="PPrel">
        <subtype name="inhibition" value="--|"/>
    </relation>
    <relation entry1="33" entry2="65" type="PPrel">
        <subtype name="inhibition" value="--|"/>
    </relation>
    <relation entry1="33" entry2="66" type="PPrel">
        <subtype name="inhibition" value="--|"/>
    </relation>
    <relation entry1="10" entry2="67" type="PPrel">
        <subtype name="inhibition" value="--|"/>
    </relation>
    <relation entry1="51" entry2="67" type="PPrel">
        <subtype name="inhibition" value="--|"/>
    </relation>
    <relation entry1="28" entry2="29" type="PPrel">
        <subtype name="inhibition" value="--|"/>
    </relation>
    <relation entry1="48" entry2="33" type="GErel">
        <subtype name="expression" value="-->"/>
    </relation>
    <relation entry1="48" entry2="10" type="GErel">
        <subtype name="expression" value="-->"/>
    </relation>
    <relation entry1="48" entry2="9" type="GErel">
        <subtype name="expression" value="-->"/>
    </relation>
    <relation entry1="48" entry2="51" type="GErel">
        <subtype name="expression" value="-->"/>
    </relation>
    <relation entry1="48" entry2="38" type="GErel">
        <subtype name="expression" value="-->"/>
    </relation>
    <relation entry1="48" entry2="37" type="GErel">
        <subtype name="expression" value="-->"/>
    </relation>
    <relation entry1="48" entry2="40" type="GErel">
        <subtype name="expression" value="-->"/>
    </relation>
    <relation entry1="48" entry2="41" type="GErel">
        <subtype name="expression" value="-->"/>
    </relation>
    <relation entry1="48" entry2="39" type="GErel">
        <subtype name="expression" value="-->"/>
    </relation>
    <relation entry1="48" entry2="64" type="GErel">
        <subtype name="expression" value="-->"/>
    </relation>
    <relation entry1="63" entry2="48" type="GErel">
        <subtype name="expression" value="-->"/>
    </relation>
    <relation entry1="63" entry2="62" type="GErel">
        <subtype name="expression" value="-->"/>
    </relation>
    <relation entry1="48" entry2="36" type="GErel">
        <subtype name="expression" value="-->"/>
    </relation>
    <relation entry1="48" entry2="55" type="GErel">
        <subtype name="expression" value="-->"/>
    </relation>
    <relation entry1="48" entry2="54" type="GErel">
        <subtype name="expression" value="-->"/>
    </relation>
    <relation entry1="48" entry2="34" type="GErel">
        <subtype name="expression" value="-->"/>
    </relation>
    <relation entry1="48" entry2="61" type="GErel">
        <subtype name="expression" value="-->"/>
    </relation>
    <relation entry1="48" entry2="28" type="GErel">
        <subtype name="expression" value="-->"/>
    </relation>
    <relation entry1="48" entry2="30" type="GErel">
        <subtype name="expression" value="-->"/>
    </relation>
    <relation entry1="48" entry2="31" type="GErel">
        <subtype name="expression" value="-->"/>
    </relation>
    <relation entry1="48" entry2="25" type="GErel">
        <subtype name="expression" value="-->"/>
    </relation>
    <relation entry1="48" entry2="26" type="GErel">
        <subtype name="expression" value="-->"/>
    </relation>
    <relation entry1="48" entry2="27" type="GErel">
        <subtype name="expression" value="-->"/>
    </relation>
    <relation entry1="48" entry2="24" type="GErel">
        <subtype name="expression" value="-->"/>
    </relation>
    <relation entry1="48" entry2="21" type="GErel">
        <subtype name="expression" value="-->"/>
    </relation>
    <relation entry1="48" entry2="20" type="GErel">
        <subtype name="expression" value="-->"/>
    </relation>
    <relation entry1="48" entry2="3" type="GErel">
        <subtype name="expression" value="-->"/>
    </relation>
    <relation entry1="48" entry2="56" type="GErel">
        <subtype name="expression" value="-->"/>
    </relation>
    <relation entry1="48" entry2="23" type="GErel">
        <subtype name="expression" value="-->"/>
    </relation>
    <relation entry1="48" entry2="15" type="GErel">
        <subtype name="expression" value="-->"/>
    </relation>
    <relation entry1="48" entry2="2" type="GErel">
        <subtype name="expression" value="-->"/>
    </relation>
    <relation entry1="48" entry2="22" type="GErel">
        <subtype name="expression" value="-->"/>
    </relation>
    <relation entry1="48" entry2="49" type="GErel">
        <subtype name="expression" value="-->"/>
    </relation>
    <relation entry1="48" entry2="19" type="GErel">
        <subtype name="expression" value="-->"/>
    </relation>
    <relation entry1="48" entry2="50" type="GErel">
        <subtype name="expression" value="-->"/>
    </relation>
    <relation entry1="48" entry2="18" type="GErel">
        <subtype name="expression" value="-->"/>
    </relation>
    <relation entry1="48" entry2="1" type="GErel">
        <subtype name="expression" value="-->"/>
    </relation>
    <relation entry1="48" entry2="16" type="GErel">
        <subtype name="expression" value="-->"/>
    </relation>
    <relation entry1="48" entry2="17" type="GErel">
        <subtype name="expression" value="-->"/>
    </relation>
    <relation entry1="35" entry2="45" type="PPrel">
        <subtype name="indirect" value="..>"/>
    </relation>
    <relation entry1="62" entry2="45" type="PPrel">
        <subtype name="indirect" value="..>"/>
    </relation>
    <relation entry1="61" entry2="45" type="PPrel">
        <subtype name="indirect" value="..>"/>
    </relation>
    <relation entry1="45" entry2="46" type="PPrel">
        <subtype name="activation" value="-->"/>
    </relation>
    <relation entry1="44" entry2="46" type="PPrel">
        <subtype name="activation" value="-->"/>
    </relation>
    <relation entry1="46" entry2="58" type="PPrel">
        <subtype name="activation" value="-->"/>
    </relation>
    <relation entry1="42" entry2="58" type="PPrel">
        <subtype name="activation" value="-->"/>
    </relation>
    <relation entry1="41" entry2="42" type="PPrel">
        <subtype name="indirect" value="..>"/>
    </relation>
</pathway>
