<?xml version="1.0"?>
<!DOCTYPE pathway SYSTEM "http://www.genome.jp/kegg/xml/KGML_v0.6.1_.dtd">
<!-- Creation date: Jul 30 2008 19:30:24 +0900 (JST) -->
<pathway name="path:hsa04012" org="hsa" number="04012"
         title="ErbB signaling pathway"
         image="http://www.genome.jp/kegg/pathway/hsa/hsa04012.gif"
         link="http://www.genome.jp/dbget-bin/show_pathway?hsa04012">
    <entry id="1" name="path:hsa05223" type="map"
        link="http://www.genome.jp/kegg/pathway/hsa/hsa05223.html">
        <graphics name="Non-small cell lung cancer" fgcolor="#000000" bgcolor="#FFFFFF"
             type="roundrectangle" x="927" y="122" width="102" height="38"/>
    </entry>
    <entry id="2" name="hsa:2885" type="gene"
        link="http://www.genome.jp/dbget-bin/www_bget?hsa+2885">
        <graphics name="GRB2" fgcolor="#000000" bgcolor="#BFFFBF"
             type="rectangle" x="423" y="495" width="45" height="17"/>
    </entry>
    <entry id="3" name="hsa:2002" type="gene"
        link="http://www.genome.jp/dbget-bin/www_bget?hsa+2002">
        <graphics name="ELK1" fgcolor="#000000" bgcolor="#BFFFBF"
             type="rectangle" x="868" y="468" width="45" height="17"/>
    </entry>
    <entry id="4" name="hsa:2066" type="gene"
        link="http://www.genome.jp/dbget-bin/www_bget?hsa+2066">
        <graphics name="ERBB4" fgcolor="#000000" bgcolor="#BFFFBF"
             type="rectangle" x="199" y="674" width="45" height="17"/>
    </entry>
    <entry id="5" name="hsa:2066" type="gene"
        link="http://www.genome.jp/dbget-bin/www_bget?hsa+2066">
        <graphics name="ERBB4" fgcolor="#000000" bgcolor="#BFFFBF"
             type="rectangle" x="199" y="587" width="45" height="17"/>
    </entry>
    <entry id="6" name="hsa:2065" type="gene"
        link="http://www.genome.jp/dbget-bin/www_bget?hsa+2065">
        <graphics name="ERBB3" fgcolor="#000000" bgcolor="#BFFFBF"
             type="rectangle" x="199" y="509" width="45" height="17"/>
    </entry>
    <entry id="7" name="hsa:2065" type="gene"
        link="http://www.genome.jp/dbget-bin/www_bget?hsa+2065">
        <graphics name="ERBB3" fgcolor="#000000" bgcolor="#BFFFBF"
             type="rectangle" x="199" y="425" width="45" height="17"/>
    </entry>
    <entry id="8" name="hsa:6776" type="gene"
        link="http://www.genome.jp/dbget-bin/www_bget?hsa+6776">
        <graphics name="STAT5A, STAT5" fgcolor="#000000" bgcolor="#BFFFBF"
             type="rectangle" x="376" y="520" width="45" height="17"/>
    </entry>
    <entry id="9" name="hsa:2064" type="gene"
        link="http://www.genome.jp/dbget-bin/www_bget?hsa+2064">
        <graphics name="ERBB2, NGL" fgcolor="#000000" bgcolor="#BFFFBF"
             type="rectangle" x="199" y="657" width="45" height="17"/>
    </entry>
    <entry id="10" name="hsa:2064" type="gene"
        link="http://www.genome.jp/dbget-bin/www_bget?hsa+2064">
        <graphics name="ERBB2, NGL" fgcolor="#000000" bgcolor="#BFFFBF"
             type="rectangle" x="199" y="492" width="45" height="17"/>
    </entry>
    <entry id="11" name="hsa:2064" type="gene"
        link="http://www.genome.jp/dbget-bin/www_bget?hsa+2064">
        <graphics name="ERBB2, NGL" fgcolor="#000000" bgcolor="#BFFFBF"
             type="rectangle" x="199" y="347" width="45" height="17"/>
    </entry>
    <entry id="12" name="hsa:2064" type="gene"
        link="http://www.genome.jp/dbget-bin/www_bget?hsa+2064">
        <graphics name="ERBB2, NGL" fgcolor="#000000" bgcolor="#BFFFBF"
             type="rectangle" x="199" y="330" width="45" height="17"/>
    </entry>
    <entry id="13" name="hsa:1956" type="gene"
        link="http://www.genome.jp/dbget-bin/www_bget?hsa+1956">
        <graphics name="EGFR, ERBB" fgcolor="#000000" bgcolor="#BFFFBF"
             type="rectangle" x="199" y="249" width="45" height="17"/>
    </entry>
    <entry id="14" name="hsa:1956" type="gene"
        link="http://www.genome.jp/dbget-bin/www_bget?hsa+1956">
        <graphics name="EGFR, ERBB" fgcolor="#000000" bgcolor="#BFFFBF"
             type="rectangle" x="199" y="198" width="45" height="17"/>
    </entry>
    <entry id="15" name="path:hsa05212" type="map"
        link="http://www.genome.jp/kegg/pathway/hsa/hsa05212.html">
        <graphics name="Pancreatic cancer" fgcolor="#000000" bgcolor="#FFFFFF"
             type="roundrectangle" x="927" y="69" width="102" height="38"/>
    </entry>
    <entry id="16" name="path:hsa04150" type="map"
        link="http://www.genome.jp/kegg/pathway/hsa/hsa04150.html">
        <graphics name="mTOR signaling pathway" fgcolor="#000000" bgcolor="#FFFFFF"
             type="roundrectangle" x="739" y="591" width="102" height="38"/>
    </entry>
    <entry id="17" name="path:hsa05213" type="map"
        link="http://www.genome.jp/kegg/pathway/hsa/hsa05213.html">
        <graphics name="Endometrial cancer" fgcolor="#000000" bgcolor="#FFFFFF"
             type="roundrectangle" x="927" y="679" width="102" height="38"/>
    </entry>
    <entry id="18" name="cpd:C00076" type="compound"
        link="http://www.genome.jp/dbget-bin/www_bget?compound+C00076">
        <graphics name="C00076" fgcolor="#000000" bgcolor="#FFFFFF"
             type="circle" x="559" y="128" width="8" height="8"/>
    </entry>
    <entry id="19" name="cpd:C00165" type="compound"
        link="http://www.genome.jp/dbget-bin/www_bget?compound+C00165">
        <graphics name="C00165" fgcolor="#000000" bgcolor="#FFFFFF"
             type="circle" x="448" y="175" width="8" height="8"/>
    </entry>
    <entry id="20" name="cpd:C01245" type="compound"
        link="http://www.genome.jp/dbget-bin/www_bget?compound+C01245">
        <graphics name="C01245" fgcolor="#000000" bgcolor="#FFFFFF"
             type="circle" x="448" y="128" width="8" height="8"/>
    </entry>
    <entry id="21" name="hsa:2932" type="gene"
        link="http://www.genome.jp/dbget-bin/www_bget?hsa+2932">
        <graphics name="GSK3B" fgcolor="#000000" bgcolor="#BFFFBF"
             type="rectangle" x="541" y="636" width="45" height="17"/>
    </entry>
    <entry id="22" name="hsa:1978" type="gene"
        link="http://www.genome.jp/dbget-bin/www_bget?hsa+1978">
        <graphics name="EIF4EBP1" fgcolor="#000000" bgcolor="#BFFFBF"
             type="rectangle" x="618" y="575" width="45" height="17"/>
    </entry>
    <entry id="23" name="hsa:6198 hsa:6199" type="gene"
        link="http://www.genome.jp/dbget-bin/www_bget?hsa+6198+6199">
        <graphics name="RPS6KB1, STK14A..." fgcolor="#000000" bgcolor="#BFFFBF"
             type="rectangle" x="618" y="547" width="45" height="17"/>
    </entry>
    <entry id="24" name="hsa:1026" type="gene"
        link="http://www.genome.jp/dbget-bin/www_bget?hsa+1026">
        <graphics name="CDKN1A, CDKN1" fgcolor="#000000" bgcolor="#BFFFBF"
             type="rectangle" x="541" y="693" width="45" height="17"/>
    </entry>
    <entry id="25" name="hsa:1027" type="gene"
        link="http://www.genome.jp/dbget-bin/www_bget?hsa+1027">
        <graphics name="CDKN1B" fgcolor="#000000" bgcolor="#BFFFBF"
             type="rectangle" x="541" y="668" width="45" height="17"/>
    </entry>
    <entry id="26" name="hsa:2475" type="gene"
        link="http://www.genome.jp/dbget-bin/www_bget?hsa+2475">
        <graphics name="FRAP1, FRAP, FRAP2" fgcolor="#000000" bgcolor="#BFFFBF"
             type="rectangle" x="541" y="563" width="45" height="17"/>
    </entry>
    <entry id="27" name="hsa:10298 hsa:5058 hsa:5062 hsa:5063 hsa:56924 hsa:57144" type="gene"
        link="http://www.genome.jp/dbget-bin/www_bget?hsa+10298+5058+5062+5063+56924+57144">
        <graphics name="PAK4..." fgcolor="#000000" bgcolor="#BFFFBF"
             type="rectangle" x="548" y="350" width="45" height="17"/>
    </entry>
    <entry id="28" name="hsa:4690 hsa:8440" type="gene"
        link="http://www.genome.jp/dbget-bin/www_bget?hsa+4690+8440">
        <graphics name="NCK1, NCK..." fgcolor="#000000" bgcolor="#BFFFBF"
             type="rectangle" x="453" y="350" width="45" height="17"/>
    </entry>
    <entry id="29" name="hsa:6776 hsa:6777" type="gene"
        link="http://www.genome.jp/dbget-bin/www_bget?hsa+6776+6777">
        <graphics name="STAT5A, STAT5..." fgcolor="#000000" bgcolor="#BFFFBF"
             type="rectangle" x="501" y="244" width="45" height="17"/>
    </entry>
    <entry id="30" name="hsa:2064" type="gene"
        link="http://www.genome.jp/dbget-bin/www_bget?hsa+2064">
        <graphics name="ERBB2, NGL" fgcolor="#000000" bgcolor="#BFFFBF"
             type="rectangle" x="199" y="266" width="45" height="17"/>
    </entry>
    <entry id="31" name="hsa:572" type="gene"
        link="http://www.genome.jp/dbget-bin/www_bget?hsa+572">
        <graphics name="BAD" fgcolor="#000000" bgcolor="#BFFFBF"
             type="rectangle" x="541" y="607" width="45" height="17"/>
    </entry>
    <entry id="32" name="hsa:2549" type="gene"
        link="http://www.genome.jp/dbget-bin/www_bget?hsa+2549">
        <graphics name="GAB1" fgcolor="#000000" bgcolor="#BFFFBF"
             type="rectangle" x="423" y="572" width="45" height="17"/>
    </entry>
    <entry id="33" name="hsa:7039" type="gene"
        link="http://www.genome.jp/dbget-bin/www_bget?hsa+7039">
        <graphics name="TGFA" fgcolor="#000000" bgcolor="#BFFFBF"
             type="rectangle" x="68" y="222" width="45" height="17"/>
    </entry>
    <entry id="34" name="hsa:5609 hsa:6416" type="gene"
        link="http://www.genome.jp/dbget-bin/www_bget?hsa+5609+6416">
        <graphics name="MAP2K7, PRKMK7..." fgcolor="#000000" bgcolor="#BFFFBF"
             type="rectangle" x="653" y="350" width="46" height="17"/>
    </entry>
    <entry id="35" name="hsa:23624 hsa:867 hsa:868" type="gene"
        link="http://www.genome.jp/dbget-bin/www_bget?hsa+23624+867+868">
        <graphics name="CBLC..." fgcolor="#000000" bgcolor="#BFFFBF"
             type="rectangle" x="507" y="210" width="45" height="17"/>
    </entry>
    <entry id="36" name="hsa:2066" type="gene"
        link="http://www.genome.jp/dbget-bin/www_bget?hsa+2066">
        <graphics name="ERBB4" fgcolor="#000000" bgcolor="#BFFFBF"
             type="rectangle" x="199" y="570" width="45" height="17"/>
    </entry>
    <entry id="37" name="hsa:2065" type="gene"
        link="http://www.genome.jp/dbget-bin/www_bget?hsa+2065">
        <graphics name="ERBB3" fgcolor="#000000" bgcolor="#BFFFBF"
             type="rectangle" x="199" y="408" width="45" height="17"/>
    </entry>
    <entry id="38" name="hsa:10718" type="gene"
        link="http://www.genome.jp/dbget-bin/www_bget?hsa+10718">
        <graphics name="NRG3" fgcolor="#000000" bgcolor="#BFFFBF"
             type="rectangle" x="68" y="613" width="45" height="17"/>
    </entry>
    <entry id="39" name="hsa:9542" type="gene"
        link="http://www.genome.jp/dbget-bin/www_bget?hsa+9542">
        <graphics name="NRG2" fgcolor="#000000" bgcolor="#BFFFBF"
             type="rectangle" x="68" y="521" width="45" height="17"/>
    </entry>
    <entry id="40" name="hsa:2002" type="gene"
        link="http://www.genome.jp/dbget-bin/www_bget?hsa+2002">
        <graphics name="ELK1" fgcolor="#000000" bgcolor="#BFFFBF"
             type="rectangle" x="868" y="361" width="45" height="17"/>
    </entry>
    <entry id="41" name="hsa:5599 hsa:5601 hsa:5602" type="gene"
        link="http://www.genome.jp/dbget-bin/www_bget?hsa+5599+5601+5602">
        <graphics name="MAPK8, PRKM8..." fgcolor="#000000" bgcolor="#BFFFBF"
             type="rectangle" x="758" y="350" width="46" height="17"/>
    </entry>
    <entry id="42" name="hsa:1398 hsa:1399" type="gene"
        link="http://www.genome.jp/dbget-bin/www_bget?hsa+1398+1399">
        <graphics name="CRK..." fgcolor="#000000" bgcolor="#BFFFBF"
             type="rectangle" x="472" y="316" width="45" height="17"/>
    </entry>
    <entry id="43" name="hsa:5747" type="gene"
        link="http://www.genome.jp/dbget-bin/www_bget?hsa+5747">
        <graphics name="PTK2" fgcolor="#000000" bgcolor="#BFFFBF"
             type="rectangle" x="583" y="280" width="45" height="17"/>
    </entry>
    <entry id="44" name="hsa:6654 hsa:6655" type="gene"
        link="http://www.genome.jp/dbget-bin/www_bget?hsa+6654+6655">
        <graphics name="SOS1, GINGF..." fgcolor="#000000" bgcolor="#BFFFBF"
             type="rectangle" x="468" y="457" width="45" height="17"/>
    </entry>
    <entry id="45" name="hsa:2885" type="gene"
        link="http://www.genome.jp/dbget-bin/www_bget?hsa+2885">
        <graphics name="GRB2" fgcolor="#000000" bgcolor="#BFFFBF"
             type="rectangle" x="388" y="457" width="45" height="17"/>
    </entry>
    <entry id="46" name="hsa:25759 hsa:399694 hsa:53358 hsa:6464" type="gene"
        link="http://www.genome.jp/dbget-bin/www_bget?hsa+25759+399694+53358+6464">
        <graphics name="SHC2..." fgcolor="#000000" bgcolor="#BFFFBF"
             type="rectangle" x="316" y="457" width="45" height="17"/>
    </entry>
    <entry id="47" name="hsa:5578 hsa:5579 hsa:5582" type="gene"
        link="http://www.genome.jp/dbget-bin/www_bget?hsa+5578+5579+5582">
        <graphics name="PRKCA, PKCA..." fgcolor="#000000" bgcolor="#BFFFBF"
             type="rectangle" x="620" y="175" width="45" height="17"/>
    </entry>
    <entry id="48" name="hsa:815 hsa:816 hsa:817 hsa:818" type="gene"
        link="http://www.genome.jp/dbget-bin/www_bget?hsa+815+816+817+818">
        <graphics name="CAMK2A, CAMKA..." fgcolor="#000000" bgcolor="#BFFFBF"
             type="rectangle" x="620" y="128" width="45" height="17"/>
    </entry>
    <entry id="49" name="hsa:5335 hsa:5336" type="gene"
        link="http://www.genome.jp/dbget-bin/www_bget?hsa+5335+5336">
        <graphics name="PLCG1, PLC1..." fgcolor="#000000" bgcolor="#BFFFBF"
             type="rectangle" x="390" y="150" width="45" height="17"/>
    </entry>
    <entry id="50" name="hsa:1839" type="gene"
        link="http://www.genome.jp/dbget-bin/www_bget?hsa+1839">
        <graphics name="HBEGF, HEGFL, DTS, DTR" fgcolor="#000000" bgcolor="#BFFFBF"
             type="rectangle" x="68" y="354" width="45" height="17"/>
    </entry>
    <entry id="51" name="hsa:3084" type="gene"
        link="http://www.genome.jp/dbget-bin/www_bget?hsa+3084">
        <graphics name="NRG1" fgcolor="#000000" bgcolor="#BFFFBF"
             type="rectangle" x="68" y="497" width="45" height="17"/>
    </entry>
    <entry id="52" name="hsa:2069" type="gene"
        link="http://www.genome.jp/dbget-bin/www_bget?hsa+2069">
        <graphics name="EREG" fgcolor="#000000" bgcolor="#BFFFBF"
             type="rectangle" x="68" y="378" width="45" height="17"/>
    </entry>
    <entry id="53" name="hsa:685" type="gene"
        link="http://www.genome.jp/dbget-bin/www_bget?hsa+685">
        <graphics name="BTC" fgcolor="#000000" bgcolor="#BFFFBF"
             type="rectangle" x="68" y="330" width="45" height="17"/>
    </entry>
    <entry id="54" name="path:hsa05214" type="map"
        link="http://www.genome.jp/kegg/pathway/hsa/hsa05214.html">
        <graphics name="Glioma" fgcolor="#000000" bgcolor="#FFFFFF"
             type="roundrectangle" x="927" y="625" width="102" height="38"/>
    </entry>
    <entry id="55" name="cpd:C05981" type="compound"
        link="http://www.genome.jp/dbget-bin/www_bget?compound+C05981">
        <graphics name="C05981" fgcolor="#000000" bgcolor="#FFFFFF"
             type="circle" x="385" y="631" width="8" height="8"/>
    </entry>
    <entry id="56" name="hsa:3725" type="gene"
        link="http://www.genome.jp/dbget-bin/www_bget?hsa+3725">
        <graphics name="JUN" fgcolor="#000000" bgcolor="#BFFFBF"
             type="rectangle" x="868" y="338" width="45" height="17"/>
    </entry>
    <entry id="57" name="hsa:25 hsa:27" type="gene"
        link="http://www.genome.jp/dbget-bin/www_bget?hsa+25+27">
        <graphics name="ABL1, ABL..." fgcolor="#000000" bgcolor="#BFFFBF"
             type="rectangle" x="567" y="316" width="45" height="17"/>
    </entry>
    <entry id="58" name="hsa:23533 hsa:5290 hsa:5291 hsa:5293 hsa:5294 hsa:5295 hsa:5296 hsa:8503" type="gene"
        link="http://www.genome.jp/dbget-bin/www_bget?hsa+23533+5290+5291+5293+5294+5295+5296+8503">
        <graphics name="PIK3R5..." fgcolor="#000000" bgcolor="#BFFFBF"
             type="rectangle" x="321" y="631" width="45" height="17"/>
    </entry>
    <entry id="59" name="hsa:10000 hsa:207 hsa:208" type="gene"
        link="http://www.genome.jp/dbget-bin/www_bget?hsa+10000+207+208">
        <graphics name="AKT3..." fgcolor="#000000" bgcolor="#BFFFBF"
             type="rectangle" x="452" y="631" width="45" height="17"/>
    </entry>
    <entry id="60" name="hsa:1956" type="gene"
        link="http://www.genome.jp/dbget-bin/www_bget?hsa+1956">
        <graphics name="EGFR, ERBB" fgcolor="#000000" bgcolor="#BFFFBF"
             type="rectangle" x="199" y="181" width="45" height="17"/>
    </entry>
    <entry id="61" name="path:hsa04020" type="map"
        link="http://www.genome.jp/kegg/pathway/hsa/hsa04020.html">
        <graphics name="Calcium signaling pathway" fgcolor="#000000" bgcolor="#FFFFFF"
             type="roundrectangle" x="356" y="109" width="112" height="39"/>
    </entry>
    <entry id="62" name="path:hsa04010" type="map"
        link="http://www.genome.jp/kegg/pathway/hsa/hsa04010.html">
        <graphics name="MAPK signaling pathway" fgcolor="#000000" bgcolor="#FFFFFF"
             type="roundrectangle" x="704" y="403" width="102" height="38"/>
    </entry>
    <entry id="63" name="hsa:6714" type="gene"
        link="http://www.genome.jp/dbget-bin/www_bget?hsa+6714">
        <graphics name="SRC" fgcolor="#000000" bgcolor="#BFFFBF"
             type="rectangle" x="489" y="280" width="45" height="17"/>
    </entry>
    <entry id="64" name="hsa:145957" type="gene"
        link="http://www.genome.jp/dbget-bin/www_bget?hsa+145957">
        <graphics name="NRG4" fgcolor="#000000" bgcolor="#BFFFBF"
             type="rectangle" x="68" y="636" width="45" height="17"/>
    </entry>
    <entry id="65" name="hsa:4609" type="gene"
        link="http://www.genome.jp/dbget-bin/www_bget?hsa+4609">
        <graphics name="MYC" fgcolor="#000000" bgcolor="#BFFFBF"
             type="rectangle" x="868" y="445" width="45" height="17"/>
    </entry>
    <entry id="66" name="hsa:374" type="gene"
        link="http://www.genome.jp/dbget-bin/www_bget?hsa+374">
        <graphics name="AREG, SDGF" fgcolor="#000000" bgcolor="#BFFFBF"
             type="rectangle" x="68" y="246" width="45" height="17"/>
    </entry>
    <entry id="67" name="hsa:1950" type="gene"
        link="http://www.genome.jp/dbget-bin/www_bget?hsa+1950">
        <graphics name="EGF" fgcolor="#000000" bgcolor="#BFFFBF"
             type="rectangle" x="68" y="198" width="45" height="17"/>
    </entry>
    <entry id="68" name="path:hsa04012" type="map"
        link="http://www.genome.jp/dbget-bin/get_linkdb?pathway+hsa04012">
        <graphics name="TITLE:ErbB signaling pathway" fgcolor="#000000" bgcolor="#FFFFFF"
             type="roundrectangle" x="153" y="41" width="206" height="25"/>
    </entry>
    <entry id="69" name="path:hsa04110" type="map"
        link="http://www.genome.jp/kegg/pathway/hsa/hsa04110.html">
        <graphics name="Cell cycle" fgcolor="#000000" bgcolor="#FFFFFF"
             type="roundrectangle" x="738" y="682" width="103" height="38"/>
    </entry>
    <entry id="70" name="hsa:5594 hsa:5595" type="gene"
        link="http://www.genome.jp/dbget-bin/www_bget?hsa+5594+5595">
        <graphics name="MAPK1, PRKM2, PRKM1..." fgcolor="#000000" bgcolor="#BFFFBF"
             type="rectangle" x="758" y="457" width="46" height="17"/>
    </entry>
    <entry id="71" name="hsa:5604 hsa:5605" type="gene"
        link="http://www.genome.jp/dbget-bin/www_bget?hsa+5604+5605">
        <graphics name="MAP2K1, PRKMK1..." fgcolor="#000000" bgcolor="#BFFFBF"
             type="rectangle" x="685" y="457" width="46" height="17"/>
    </entry>
    <entry id="72" name="hsa:369 hsa:5894 hsa:673" type="gene"
        link="http://www.genome.jp/dbget-bin/www_bget?hsa+369+5894+673">
        <graphics name="ARAF, ARAF1..." fgcolor="#000000" bgcolor="#BFFFBF"
             type="rectangle" x="613" y="457" width="46" height="17"/>
    </entry>
    <entry id="73" name="hsa:3265 hsa:3845 hsa:4893" type="gene"
        link="http://www.genome.jp/dbget-bin/www_bget?hsa+3265+3845+4893">
        <graphics name="HRAS, HRAS1..." fgcolor="#000000" bgcolor="#BFFFBF"
             type="rectangle" x="541" y="457" width="45" height="17"/>
    </entry>
    <entry id="74" name="undefined" type="group">
        <graphics fgcolor="#000000" bgcolor="#FFFFFF"
             type="rectangle" x="199" y="190" width="65" height="54"/>
        <component id="14"/>
        <component id="60"/>
    </entry>
    <entry id="75" name="undefined" type="group">
        <graphics fgcolor="#000000" bgcolor="#FFFFFF"
             type="rectangle" x="199" y="258" width="65" height="54"/>
        <component id="13"/>
        <component id="30"/>
    </entry>
    <entry id="76" name="undefined" type="group">
        <graphics fgcolor="#000000" bgcolor="#FFFFFF"
             type="rectangle" x="199" y="339" width="65" height="54"/>
        <component id="11"/>
        <component id="12"/>
    </entry>
    <entry id="77" name="undefined" type="group">
        <graphics fgcolor="#000000" bgcolor="#FFFFFF"
             type="rectangle" x="199" y="417" width="65" height="54"/>
        <component id="7"/>
        <component id="37"/>
    </entry>
    <entry id="78" name="undefined" type="group">
        <graphics fgcolor="#000000" bgcolor="#FFFFFF"
             type="rectangle" x="199" y="501" width="65" height="54"/>
        <component id="6"/>
        <component id="10"/>
    </entry>
    <entry id="79" name="undefined" type="group">
        <graphics fgcolor="#000000" bgcolor="#FFFFFF"
             type="rectangle" x="199" y="579" width="65" height="54"/>
        <component id="5"/>
        <component id="36"/>
    </entry>
    <entry id="80" name="undefined" type="group">
        <graphics fgcolor="#000000" bgcolor="#FFFFFF"
             type="rectangle" x="199" y="666" width="65" height="54"/>
        <component id="4"/>
        <component id="9"/>
    </entry>
    <relation entry1="49" entry2="48" type="PPrel">
        <subtype name="compound" value="20"/>
    </relation>
    <relation entry1="49" entry2="47" type="PPrel">
        <subtype name="compound" value="19"/>
    </relation>
    <relation entry1="58" entry2="59" type="PPrel">
        <subtype name="compound" value="55"/>
    </relation>
    <relation entry1="67" entry2="74" type="PPrel">
        <subtype name="activation" value="-->"/>
    </relation>
    <relation entry1="67" entry2="13" type="PPrel">
        <subtype name="activation" value="-->"/>
    </relation>
    <relation entry1="33" entry2="74" type="PPrel">
        <subtype name="activation" value="-->"/>
    </relation>
    <relation entry1="33" entry2="13" type="PPrel">
        <subtype name="activation" value="-->"/>
    </relation>
    <relation entry1="66" entry2="74" type="PPrel">
        <subtype name="activation" value="-->"/>
    </relation>
    <relation entry1="66" entry2="13" type="PPrel">
        <subtype name="activation" value="-->"/>
    </relation>
    <relation entry1="53" entry2="74" type="PPrel">
        <subtype name="activation" value="-->"/>
    </relation>
    <relation entry1="53" entry2="13" type="PPrel">
        <subtype name="activation" value="-->"/>
    </relation>
    <relation entry1="53" entry2="79" type="PPrel">
        <subtype name="activation" value="-->"/>
    </relation>
    <relation entry1="53" entry2="4" type="PPrel">
        <subtype name="activation" value="-->"/>
    </relation>
    <relation entry1="50" entry2="74" type="PPrel">
        <subtype name="activation" value="-->"/>
    </relation>
    <relation entry1="50" entry2="13" type="PPrel">
        <subtype name="activation" value="-->"/>
    </relation>
    <relation entry1="50" entry2="79" type="PPrel">
        <subtype name="activation" value="-->"/>
    </relation>
    <relation entry1="50" entry2="4" type="PPrel">
        <subtype name="activation" value="-->"/>
    </relation>
    <relation entry1="52" entry2="74" type="PPrel">
        <subtype name="activation" value="-->"/>
    </relation>
    <relation entry1="52" entry2="13" type="PPrel">
        <subtype name="activation" value="-->"/>
    </relation>
    <relation entry1="52" entry2="79" type="PPrel">
        <subtype name="activation" value="-->"/>
    </relation>
    <relation entry1="52" entry2="4" type="PPrel">
        <subtype name="activation" value="-->"/>
    </relation>
    <relation entry1="51" entry2="77" type="PPrel">
        <subtype name="activation" value="-->"/>
    </relation>
    <relation entry1="51" entry2="6" type="PPrel">
        <subtype name="activation" value="-->"/>
    </relation>
    <relation entry1="51" entry2="79" type="PPrel">
        <subtype name="activation" value="-->"/>
    </relation>
    <relation entry1="51" entry2="4" type="PPrel">
        <subtype name="activation" value="-->"/>
    </relation>
    <relation entry1="39" entry2="77" type="PPrel">
        <subtype name="activation" value="-->"/>
    </relation>
    <relation entry1="39" entry2="6" type="PPrel">
        <subtype name="activation" value="-->"/>
    </relation>
    <relation entry1="39" entry2="79" type="PPrel">
        <subtype name="activation" value="-->"/>
    </relation>
    <relation entry1="39" entry2="4" type="PPrel">
        <subtype name="activation" value="-->"/>
    </relation>
    <relation entry1="38" entry2="79" type="PPrel">
        <subtype name="activation" value="-->"/>
    </relation>
    <relation entry1="38" entry2="4" type="PPrel">
        <subtype name="activation" value="-->"/>
    </relation>
    <relation entry1="64" entry2="79" type="PPrel">
        <subtype name="activation" value="-->"/>
    </relation>
    <relation entry1="64" entry2="4" type="PPrel">
        <subtype name="activation" value="-->"/>
    </relation>
    <relation entry1="74" entry2="49" type="PPrel">
        <subtype name="activation" value="-->"/>
        <subtype name="phosphorylation" value="+p"/>
    </relation>
    <relation entry1="74" entry2="35" type="PPrel">
        <subtype name="activation" value="-->"/>
        <subtype name="phosphorylation" value="+p"/>
    </relation>
    <relation entry1="74" entry2="29" type="PPrel">
        <subtype name="activation" value="-->"/>
        <subtype name="phosphorylation" value="+p"/>
    </relation>
    <relation entry1="74" entry2="42" type="PPrel">
        <subtype name="activation" value="-->"/>
        <subtype name="phosphorylation" value="+p"/>
    </relation>
    <relation entry1="60" entry2="46" type="PPrel">
        <subtype name="activation" value="-->"/>
        <subtype name="phosphorylation" value="+p"/>
    </relation>
    <relation entry1="74" entry2="63" type="PPrel">
        <subtype name="activation" value="-->"/>
    </relation>
    <relation entry1="74" entry2="28" type="PPrel">
        <subtype name="indirect" value="..>"/>
    </relation>
    <relation entry1="13" entry2="49" type="PPrel">
        <subtype name="activation" value="-->"/>
        <subtype name="phosphorylation" value="+p"/>
    </relation>
    <relation entry1="13" entry2="29" type="PPrel">
        <subtype name="activation" value="-->"/>
        <subtype name="phosphorylation" value="+p"/>
    </relation>
    <relation entry1="13" entry2="42" type="PPrel">
        <subtype name="activation" value="-->"/>
        <subtype name="phosphorylation" value="+p"/>
    </relation>
    <relation entry1="13" entry2="46" type="PPrel">
        <subtype name="activation" value="-->"/>
        <subtype name="phosphorylation" value="+p"/>
    </relation>
    <relation entry1="13" entry2="63" type="PPrel">
        <subtype name="activation" value="-->"/>
    </relation>
    <relation entry1="13" entry2="45" type="PPrel">
        <subtype name="activation" value="-->"/>
    </relation>
    <relation entry1="74" entry2="45" type="PPrel">
        <subtype name="activation" value="-->"/>
    </relation>
    <relation entry1="74" entry2="2" type="PPrel">
        <subtype name="activation" value="-->"/>
    </relation>
    <relation entry1="13" entry2="2" type="PPrel">
        <subtype name="activation" value="-->"/>
    </relation>
    <relation entry1="75" entry2="46" type="PPrel">
        <subtype name="activation" value="-->"/>
        <subtype name="phosphorylation" value="+p"/>
    </relation>
    <relation entry1="76" entry2="46" type="PPrel">
        <subtype name="activation" value="-->"/>
        <subtype name="phosphorylation" value="+p"/>
    </relation>
    <relation entry1="76" entry2="45" type="PPrel">
        <subtype name="activation" value="-->"/>
    </relation>
    <relation entry1="78" entry2="46" type="PPrel">
        <subtype name="activation" value="-->"/>
        <subtype name="phosphorylation" value="+p"/>
    </relation>
    <relation entry1="78" entry2="45" type="PPrel">
        <subtype name="activation" value="-->"/>
    </relation>
    <relation entry1="6" entry2="58" type="PPrel">
        <subtype name="activation" value="-->"/>
    </relation>
    <relation entry1="79" entry2="46" type="PPrel">
        <subtype name="activation" value="-->"/>
        <subtype name="phosphorylation" value="+p"/>
    </relation>
    <relation entry1="79" entry2="45" type="PPrel">
        <subtype name="activation" value="-->"/>
    </relation>
    <relation entry1="79" entry2="58" type="PPrel">
        <subtype name="activation" value="-->"/>
    </relation>
    <relation entry1="80" entry2="46" type="PPrel">
        <subtype name="activation" value="-->"/>
        <subtype name="phosphorylation" value="+p"/>
    </relation>
    <relation entry1="80" entry2="45" type="PPrel">
        <subtype name="activation" value="-->"/>
    </relation>
    <relation entry1="80" entry2="58" type="PPrel">
        <subtype name="activation" value="-->"/>
    </relation>
    <relation entry1="63" entry2="43" type="PPrel">
        <subtype name="activation" value="-->"/>
        <subtype name="phosphorylation" value="+p"/>
    </relation>
    <relation entry1="42" entry2="57" type="PPrel">
        <subtype name="activation" value="-->"/>
    </relation>
    <relation entry1="28" entry2="27" type="PPrel">
        <subtype name="activation" value="-->"/>
    </relation>
    <relation entry1="27" entry2="34" type="PPrel">
        <subtype name="indirect" value="..>"/>
    </relation>
    <relation entry1="34" entry2="41" type="PPrel">
        <subtype name="activation" value="-->"/>
        <subtype name="phosphorylation" value="+p"/>
    </relation>
    <relation entry1="41" entry2="56" type="PPrel">
        <subtype name="activation" value="-->"/>
        <subtype name="phosphorylation" value="+p"/>
    </relation>
    <relation entry1="41" entry2="40" type="PPrel">
        <subtype name="activation" value="-->"/>
        <subtype name="phosphorylation" value="+p"/>
    </relation>
    <relation entry1="46" entry2="45" type="PPrel">
        <subtype name="activation" value="-->"/>
    </relation>
    <relation entry1="45" entry2="44" type="PPrel">
        <subtype name="activation" value="-->"/>
    </relation>
    <relation entry1="44" entry2="73" type="PPrel">
        <subtype name="activation" value="-->"/>
    </relation>
    <relation entry1="73" entry2="72" type="PPrel">
        <subtype name="activation" value="-->"/>
    </relation>
    <relation entry1="72" entry2="71" type="PPrel">
        <subtype name="activation" value="-->"/>
        <subtype name="phosphorylation" value="+p"/>
    </relation>
    <relation entry1="71" entry2="70" type="PPrel">
        <subtype name="activation" value="-->"/>
        <subtype name="phosphorylation" value="+p"/>
    </relation>
    <relation entry1="70" entry2="65" type="PPrel">
        <subtype name="activation" value="-->"/>
        <subtype name="phosphorylation" value="+p"/>
    </relation>
    <relation entry1="70" entry2="3" type="PPrel">
        <subtype name="activation" value="-->"/>
        <subtype name="phosphorylation" value="+p"/>
    </relation>
    <relation entry1="4" entry2="8" type="PPrel">
        <subtype name="activation" value="-->"/>
        <subtype name="phosphorylation" value="+p"/>
    </relation>
    <relation entry1="2" entry2="32" type="PPrel">
        <subtype name="activation" value="-->"/>
    </relation>
    <relation entry1="32" entry2="58" type="PPrel">
        <subtype name="activation" value="-->"/>
    </relation>
    <relation entry1="59" entry2="26" type="PPrel">
        <subtype name="activation" value="-->"/>
        <subtype name="phosphorylation" value="+p"/>
    </relation>
    <relation entry1="26" entry2="23" type="PPrel">
        <subtype name="activation" value="-->"/>
        <subtype name="phosphorylation" value="+p"/>
    </relation>
    <relation entry1="26" entry2="22" type="PPrel">
        <subtype name="inhibition" value="--|"/>
        <subtype name="phosphorylation" value="+p"/>
    </relation>
    <relation entry1="59" entry2="31" type="PPrel">
        <subtype name="inhibition" value="--|"/>
        <subtype name="phosphorylation" value="+p"/>
    </relation>
    <relation entry1="59" entry2="21" type="PPrel">
        <subtype name="inhibition" value="--|"/>
        <subtype name="phosphorylation" value="+p"/>
    </relation>
    <relation entry1="59" entry2="25" type="PPrel">
        <subtype name="inhibition" value="--|"/>
        <subtype name="phosphorylation" value="+p"/>
    </relation>
    <relation entry1="59" entry2="24" type="PPrel">
        <subtype name="inhibition" value="--|"/>
        <subtype name="phosphorylation" value="+p"/>
    </relation>
</pathway>
