<?xml version="1.0"?>
<!DOCTYPE pathway SYSTEM "http://www.genome.jp/kegg/xml/KGML_v0.6.1_.dtd">
<!-- Creation date: Aug 30 2008 00:24:20 +0900 (JST) -->
<pathway name="path:hsa04210" org="hsa" number="04210"
         title="Apoptosis"
         image="http://www.genome.jp/kegg/pathway/hsa/hsa04210.gif"
         link="http://www.genome.jp/dbget-bin/show_pathway?hsa04210">
    <entry id="1" name="path:hsa04115" type="map"
        link="http://www.genome.jp/kegg/pathway/hsa/hsa04115.html">
        <graphics name="p53 signaling pathway" fgcolor="#000000" bgcolor="#FFFFFF"
             type="roundrectangle" x="1048" y="547" width="95" height="39"/>
    </entry>
    <entry id="2" name="path:hsa04060" type="map"
        link="http://www.genome.jp/kegg/pathway/hsa/hsa04060.html">
        <graphics name="Cytokine-cytokine receptor interaction" fgcolor="#000000" bgcolor="#FFFFFF"
             type="roundrectangle" x="111" y="402" width="124" height="39"/>
    </entry>
    <entry id="3" name="hsa:11261 hsa:5530 hsa:5532 hsa:5533 hsa:5534 hsa:5535" type="gene"
        link="http://www.genome.jp/dbget-bin/www_bget?hsa+11261+5530+5532+5533+5534+5535">
        <graphics name="CHP..." fgcolor="#000000" bgcolor="#BFFFBF"
             type="rectangle" x="430" y="708" width="46" height="17"/>
    </entry>
    <entry id="4" name="hsa:581" type="gene"
        link="http://www.genome.jp/dbget-bin/www_bget?hsa+581">
        <graphics name="BAX" fgcolor="#000000" bgcolor="#BFFFBF"
             type="rectangle" x="775" y="648" width="45" height="17"/>
    </entry>
    <entry id="5" name="hsa:598" type="gene"
        link="http://www.genome.jp/dbget-bin/www_bget?hsa+598">
        <graphics name="BCL2L1" fgcolor="#000000" bgcolor="#BFFFBF"
             type="rectangle" x="775" y="528" width="45" height="17"/>
    </entry>
    <entry id="6" name="hsa:1676" type="gene"
        link="http://www.genome.jp/dbget-bin/www_bget?hsa+1676">
        <graphics name="DFFA" fgcolor="#000000" bgcolor="#BFFFBF"
             type="rectangle" x="775" y="168" width="45" height="17"/>
    </entry>
    <entry id="7" name="hsa:596" type="gene"
        link="http://www.genome.jp/dbget-bin/www_bget?hsa+596">
        <graphics name="BCL2" fgcolor="#000000" bgcolor="#BFFFBF"
             type="rectangle" x="1058" y="590" width="45" height="17"/>
    </entry>
    <entry id="8" name="hsa:472 hsa:651610" type="gene"
        link="http://www.genome.jp/dbget-bin/www_bget?hsa+472+651610">
        <graphics name="ATM, ATA, ATDC, ATC, ATD..." fgcolor="#000000" bgcolor="#BFFFBF"
             type="rectangle" x="991" y="636" width="45" height="17"/>
    </entry>
    <entry id="9" name="hsa:7157" type="gene"
        link="http://www.genome.jp/dbget-bin/www_bget?hsa+7157">
        <graphics name="TP53" fgcolor="#000000" bgcolor="#BFFFBF"
             type="rectangle" x="991" y="590" width="45" height="17"/>
    </entry>
    <entry id="10" name="hsa:2021" type="gene"
        link="http://www.genome.jp/dbget-bin/www_bget?hsa+2021">
        <graphics name="ENDOG" fgcolor="#000000" bgcolor="#BFFFBF"
             type="rectangle" x="906" y="310" width="45" height="17"/>
    </entry>
    <entry id="11" name="hsa:9131" type="gene"
        link="http://www.genome.jp/dbget-bin/www_bget?hsa+9131">
        <graphics name="AIFM1" fgcolor="#000000" bgcolor="#BFFFBF"
             type="rectangle" x="853" y="310" width="45" height="17"/>
    </entry>
    <entry id="12" name="hsa:836" type="gene"
        link="http://www.genome.jp/dbget-bin/www_bget?hsa+836">
        <graphics name="CASP3" fgcolor="#000000" bgcolor="#BFFFBF"
             type="rectangle" x="775" y="742" width="45" height="17"/>
    </entry>
    <entry id="13" name="hsa:596" type="gene"
        link="http://www.genome.jp/dbget-bin/www_bget?hsa+596">
        <graphics name="BCL2" fgcolor="#000000" bgcolor="#BFFFBF"
             type="rectangle" x="775" y="550" width="45" height="17"/>
    </entry>
    <entry id="14" name="hsa:329 hsa:330 hsa:331" type="gene"
        link="http://www.genome.jp/dbget-bin/www_bget?hsa+329+330+331">
        <graphics name="BIRC2, API1..." fgcolor="#000000" bgcolor="#BFFFBF"
             type="rectangle" x="775" y="506" width="45" height="17"/>
    </entry>
    <entry id="15" name="hsa:1677" type="gene"
        link="http://www.genome.jp/dbget-bin/www_bget?hsa+1677">
        <graphics name="DFFB" fgcolor="#000000" bgcolor="#BFFFBF"
             type="rectangle" x="775" y="199" width="45" height="17"/>
    </entry>
    <entry id="16" name="undefined:" type="undefined">
        <graphics name="3.4.22.-" fgcolor="#000000" bgcolor="#FFFFFF"
             type="rectangle" x="682" y="742" width="45" height="17"/>
    </entry>
    <entry id="17" name="hsa:842" type="gene"
        link="http://www.genome.jp/dbget-bin/www_bget?hsa+842">
        <graphics name="CASP9" fgcolor="#000000" bgcolor="#BFFFBF"
             type="rectangle" x="632" y="407" width="45" height="17"/>
    </entry>
    <entry id="18" name="hsa:840" type="gene"
        link="http://www.genome.jp/dbget-bin/www_bget?hsa+840">
        <graphics name="CASP7" fgcolor="#000000" bgcolor="#BFFFBF"
             type="rectangle" x="633" y="215" width="45" height="17"/>
    </entry>
    <entry id="19" name="hsa:836" type="gene"
        link="http://www.genome.jp/dbget-bin/www_bget?hsa+836">
        <graphics name="CASP3" fgcolor="#000000" bgcolor="#BFFFBF"
             type="rectangle" x="633" y="167" width="45" height="17"/>
    </entry>
    <entry id="20" name="hsa:572" type="gene"
        link="http://www.genome.jp/dbget-bin/www_bget?hsa+572">
        <graphics name="BAD" fgcolor="#000000" bgcolor="#BFFFBF"
             type="rectangle" x="595" y="708" width="45" height="17"/>
    </entry>
    <entry id="21" name="hsa:572" type="gene"
        link="http://www.genome.jp/dbget-bin/www_bget?hsa+572">
        <graphics name="BAD" fgcolor="#000000" bgcolor="#BFFFBF"
             type="rectangle" x="593" y="592" width="45" height="17"/>
    </entry>
    <entry id="22" name="hsa:4790 hsa:4791 hsa:5970" type="gene"
        link="http://www.genome.jp/dbget-bin/www_bget?hsa+4790+4791+5970">
        <graphics name="NFKB1..." fgcolor="#000000" bgcolor="#BFFFBF"
             type="rectangle" x="519" y="528" width="45" height="17"/>
    </entry>
    <entry id="23" name="hsa:329 hsa:330 hsa:331" type="gene"
        link="http://www.genome.jp/dbget-bin/www_bget?hsa+329+330+331">
        <graphics name="BIRC2, API1..." fgcolor="#000000" bgcolor="#BFFFBF"
             type="rectangle" x="666" y="289" width="45" height="17"/>
    </entry>
    <entry id="24" name="hsa:839" type="gene"
        link="http://www.genome.jp/dbget-bin/www_bget?hsa+839">
        <graphics name="CASP6" fgcolor="#000000" bgcolor="#BFFFBF"
             type="rectangle" x="633" y="74" width="45" height="17"/>
    </entry>
    <entry id="25" name="hsa:329 hsa:330 hsa:331" type="gene"
        link="http://www.genome.jp/dbget-bin/www_bget?hsa+329+330+331">
        <graphics name="BIRC2, API1..." fgcolor="#000000" bgcolor="#BFFFBF"
             type="rectangle" x="558" y="102" width="45" height="17"/>
    </entry>
    <entry id="26" name="hsa:5566 hsa:5567 hsa:5568 hsa:5573 hsa:5575 hsa:5576 hsa:5577" type="gene"
        link="http://www.genome.jp/dbget-bin/www_bget?hsa+5566+5567+5568+5573+5575+5576+5577">
        <graphics name="PRKACA..." fgcolor="#000000" bgcolor="#BFFFBF"
             type="rectangle" x="430" y="609" width="45" height="17"/>
    </entry>
    <entry id="27" name="hsa:4792" type="gene"
        link="http://www.genome.jp/dbget-bin/www_bget?hsa+4792">
        <graphics name="NFKBIA" fgcolor="#000000" bgcolor="#BFFFBF"
             type="rectangle" x="519" y="496" width="45" height="17"/>
    </entry>
    <entry id="28" name="hsa:317" type="gene"
        link="http://www.genome.jp/dbget-bin/www_bget?hsa+317">
        <graphics name="APAF1" fgcolor="#000000" bgcolor="#BFFFBF"
             type="rectangle" x="520" y="421" width="45" height="17"/>
    </entry>
    <entry id="29" name="hsa:54205" type="gene"
        link="http://www.genome.jp/dbget-bin/www_bget?hsa+54205">
        <graphics name="CYCS" fgcolor="#000000" bgcolor="#BFFFBF"
             type="rectangle" x="519" y="391" width="45" height="17"/>
    </entry>
    <entry id="30" name="hsa:596 hsa:598" type="gene"
        link="http://www.genome.jp/dbget-bin/www_bget?hsa+596+598">
        <graphics name="BCL2..." fgcolor="#000000" bgcolor="#BFFFBF"
             type="rectangle" x="467" y="356" width="45" height="17"/>
    </entry>
    <entry id="31" name="hsa:637" type="gene"
        link="http://www.genome.jp/dbget-bin/www_bget?hsa+637">
        <graphics name="BID" fgcolor="#000000" bgcolor="#BFFFBF"
             type="rectangle" x="519" y="278" width="45" height="17"/>
    </entry>
    <entry id="32" name="hsa:841" type="gene"
        link="http://www.genome.jp/dbget-bin/www_bget?hsa+841">
        <graphics name="CASP8" fgcolor="#000000" bgcolor="#BFFFBF"
             type="rectangle" x="519" y="215" width="45" height="17"/>
    </entry>
    <entry id="33" name="hsa:843" type="gene"
        link="http://www.genome.jp/dbget-bin/www_bget?hsa+843">
        <graphics name="CASP10" fgcolor="#000000" bgcolor="#BFFFBF"
             type="rectangle" x="519" y="167" width="45" height="17"/>
    </entry>
    <entry id="34" name="hsa:823 hsa:824" type="gene"
        link="http://www.genome.jp/dbget-bin/www_bget?hsa+823+824">
        <graphics name="CAPN1..." fgcolor="#000000" bgcolor="#BFFFBF"
             type="rectangle" x="430" y="742" width="46" height="17"/>
    </entry>
    <entry id="35" name="hsa:10000 hsa:207 hsa:208" type="gene"
        link="http://www.genome.jp/dbget-bin/www_bget?hsa+10000+207+208">
        <graphics name="AKT3..." fgcolor="#000000" bgcolor="#BFFFBF"
             type="rectangle" x="429" y="573" width="45" height="17"/>
    </entry>
    <entry id="36" name="hsa:9020" type="gene"
        link="http://www.genome.jp/dbget-bin/www_bget?hsa+9020">
        <graphics name="MAP3K14" fgcolor="#000000" bgcolor="#BFFFBF"
             type="rectangle" x="341" y="453" width="46" height="17"/>
    </entry>
    <entry id="37" name="hsa:1147 hsa:3551 hsa:8517" type="gene"
        link="http://www.genome.jp/dbget-bin/www_bget?hsa+1147+3551+8517">
        <graphics name="CHUK..." fgcolor="#000000" bgcolor="#BFFFBF"
             type="rectangle" x="430" y="496" width="45" height="17"/>
    </entry>
    <entry id="38" name="hsa:8837" type="gene"
        link="http://www.genome.jp/dbget-bin/www_bget?hsa+8837">
        <graphics name="CFLAR, CASP8AP1" fgcolor="#000000" bgcolor="#BFFFBF"
             type="rectangle" x="414" y="372" width="46" height="17"/>
    </entry>
    <entry id="39" name="hsa:23533 hsa:5290 hsa:5291 hsa:5293 hsa:5294 hsa:5295 hsa:5296 hsa:8503" type="gene"
        link="http://www.genome.jp/dbget-bin/www_bget?hsa+23533+5290+5291+5293+5294+5295+5296+8503">
        <graphics name="PIK3R5..." fgcolor="#000000" bgcolor="#BFFFBF"
             type="rectangle" x="289" y="576" width="45" height="17"/>
    </entry>
    <entry id="40" name="hsa:11213 hsa:3654 hsa:3656 hsa:51135" type="gene"
        link="http://www.genome.jp/dbget-bin/www_bget?hsa+11213+3654+3656+51135">
        <graphics name="IRAK3..." fgcolor="#000000" bgcolor="#BFFFBF"
             type="rectangle" x="289" y="376" width="46" height="17"/>
    </entry>
    <entry id="41" name="hsa:4615" type="gene"
        link="http://www.genome.jp/dbget-bin/www_bget?hsa+4615">
        <graphics name="MYD88" fgcolor="#000000" bgcolor="#BFFFBF"
             type="rectangle" x="289" y="359" width="46" height="17"/>
    </entry>
    <entry id="42" name="hsa:8772" type="gene"
        link="http://www.genome.jp/dbget-bin/www_bget?hsa+8772">
        <graphics name="FADD" fgcolor="#000000" bgcolor="#BFFFBF"
             type="rectangle" x="289" y="333" width="46" height="17"/>
    </entry>
    <entry id="43" name="hsa:8717" type="gene"
        link="http://www.genome.jp/dbget-bin/www_bget?hsa+8717">
        <graphics name="TRADD" fgcolor="#000000" bgcolor="#BFFFBF"
             type="rectangle" x="289" y="316" width="46" height="17"/>
    </entry>
    <entry id="44" name="hsa:7186" type="gene"
        link="http://www.genome.jp/dbget-bin/www_bget?hsa+7186">
        <graphics name="TRAF2" fgcolor="#000000" bgcolor="#BFFFBF"
             type="rectangle" x="289" y="276" width="46" height="17"/>
    </entry>
    <entry id="45" name="hsa:8737" type="gene"
        link="http://www.genome.jp/dbget-bin/www_bget?hsa+8737">
        <graphics name="RIPK1" fgcolor="#000000" bgcolor="#BFFFBF"
             type="rectangle" x="289" y="259" width="46" height="17"/>
    </entry>
    <entry id="46" name="hsa:8717" type="gene"
        link="http://www.genome.jp/dbget-bin/www_bget?hsa+8717">
        <graphics name="TRADD" fgcolor="#000000" bgcolor="#BFFFBF"
             type="rectangle" x="289" y="242" width="46" height="17"/>
    </entry>
    <entry id="47" name="hsa:8772" type="gene"
        link="http://www.genome.jp/dbget-bin/www_bget?hsa+8772">
        <graphics name="FADD" fgcolor="#000000" bgcolor="#BFFFBF"
             type="rectangle" x="289" y="215" width="46" height="17"/>
    </entry>
    <entry id="48" name="hsa:8717" type="gene"
        link="http://www.genome.jp/dbget-bin/www_bget?hsa+8717">
        <graphics name="TRADD" fgcolor="#000000" bgcolor="#BFFFBF"
             type="rectangle" x="289" y="199" width="46" height="16"/>
    </entry>
    <entry id="49" name="hsa:8772" type="gene"
        link="http://www.genome.jp/dbget-bin/www_bget?hsa+8772">
        <graphics name="FADD" fgcolor="#000000" bgcolor="#BFFFBF"
             type="rectangle" x="289" y="145" width="46" height="17"/>
    </entry>
    <entry id="50" name="hsa:1439 hsa:3563" type="gene"
        link="http://www.genome.jp/dbget-bin/www_bget?hsa+1439+3563">
        <graphics name="CSF2RB..." fgcolor="#000000" bgcolor="#BFFFBF"
             type="rectangle" x="199" y="648" width="45" height="17"/>
    </entry>
    <entry id="51" name="hsa:1439 hsa:3563" type="gene"
        link="http://www.genome.jp/dbget-bin/www_bget?hsa+1439+3563">
        <graphics name="CSF2RB..." fgcolor="#000000" bgcolor="#BFFFBF"
             type="rectangle" x="201" y="587" width="45" height="17"/>
    </entry>
    <entry id="52" name="hsa:4914" type="gene"
        link="http://www.genome.jp/dbget-bin/www_bget?hsa+4914">
        <graphics name="NTRK1" fgcolor="#000000" bgcolor="#BFFFBF"
             type="rectangle" x="201" y="558" width="45" height="17"/>
    </entry>
    <entry id="53" name="hsa:3554 hsa:3556" type="gene"
        link="http://www.genome.jp/dbget-bin/www_bget?hsa+3554+3556">
        <graphics name="IL1R1..." fgcolor="#000000" bgcolor="#BFFFBF"
             type="rectangle" x="200" y="337" width="45" height="17"/>
    </entry>
    <entry id="54" name="hsa:7132" type="gene"
        link="http://www.genome.jp/dbget-bin/www_bget?hsa+7132">
        <graphics name="TNFRSF1A" fgcolor="#000000" bgcolor="#BFFFBF"
             type="rectangle" x="200" y="219" width="46" height="17"/>
    </entry>
    <entry id="55" name="hsa:8793 hsa:8794 hsa:8795 hsa:8797" type="gene"
        link="http://www.genome.jp/dbget-bin/www_bget?hsa+8793+8794+8795+8797">
        <graphics name="TNFRSF10D..." fgcolor="#000000" bgcolor="#BFFFBF"
             type="rectangle" x="200" y="159" width="46" height="17"/>
    </entry>
    <entry id="56" name="hsa:355" type="gene"
        link="http://www.genome.jp/dbget-bin/www_bget?hsa+355">
        <graphics name="FAS" fgcolor="#000000" bgcolor="#BFFFBF"
             type="rectangle" x="199" y="132" width="45" height="17"/>
    </entry>
    <entry id="57" name="hsa:3562" type="gene"
        link="http://www.genome.jp/dbget-bin/www_bget?hsa+3562">
        <graphics name="IL3" fgcolor="#000000" bgcolor="#BFFFBF"
             type="rectangle" x="113" y="610" width="45" height="17"/>
    </entry>
    <entry id="58" name="hsa:4803" type="gene"
        link="http://www.genome.jp/dbget-bin/www_bget?hsa+4803">
        <graphics name="NGF, NGFB" fgcolor="#000000" bgcolor="#BFFFBF"
             type="rectangle" x="113" y="558" width="45" height="17"/>
    </entry>
    <entry id="59" name="hsa:3552 hsa:3553" type="gene"
        link="http://www.genome.jp/dbget-bin/www_bget?hsa+3552+3553">
        <graphics name="IL1A, IL1..." fgcolor="#000000" bgcolor="#BFFFBF"
             type="rectangle" x="112" y="337" width="45" height="17"/>
    </entry>
    <entry id="60" name="hsa:7124" type="gene"
        link="http://www.genome.jp/dbget-bin/www_bget?hsa+7124">
        <graphics name="TNF, TNFA" fgcolor="#000000" bgcolor="#BFFFBF"
             type="rectangle" x="111" y="220" width="45" height="17"/>
    </entry>
    <entry id="61" name="path:hsa04110" type="map"
        link="http://www.genome.jp/kegg/pathway/hsa/hsa04110.html">
        <graphics name="Cell cycle" fgcolor="#000000" bgcolor="#FFFFFF"
             type="roundrectangle" x="995" y="736" width="95" height="39"/>
    </entry>
    <entry id="62" name="path:hsa04210" type="map"
        link="http://www.genome.jp/dbget-bin/get_linkdb?pathway+hsa04210">
        <graphics name="TITLE:Apoptosis" fgcolor="#000000" bgcolor="#FFFFFF"
             type="roundrectangle" x="106" y="40" width="116" height="24"/>
    </entry>
    <entry id="63" name="hsa:8743" type="gene"
        link="http://www.genome.jp/dbget-bin/www_bget?hsa+8743">
        <graphics name="TNFSF10" fgcolor="#000000" bgcolor="#BFFFBF"
             type="rectangle" x="112" y="160" width="46" height="17"/>
    </entry>
    <entry id="64" name="hsa:356" type="gene"
        link="http://www.genome.jp/dbget-bin/www_bget?hsa+356">
        <graphics name="FASLG" fgcolor="#000000" bgcolor="#BFFFBF"
             type="rectangle" x="111" y="132" width="45" height="17"/>
    </entry>
    <entry id="65" name="undefined" type="group">
        <graphics fgcolor="#000000" bgcolor="#FFFFFF"
             type="rectangle" x="289" y="207" width="66" height="53"/>
        <component id="47"/>
        <component id="48"/>
    </entry>
    <entry id="66" name="undefined" type="group">
        <graphics fgcolor="#000000" bgcolor="#FFFFFF"
             type="rectangle" x="289" y="259" width="66" height="71"/>
        <component id="44"/>
        <component id="45"/>
        <component id="46"/>
    </entry>
    <entry id="67" name="undefined" type="group">
        <graphics fgcolor="#000000" bgcolor="#FFFFFF"
             type="rectangle" x="289" y="325" width="66" height="54"/>
        <component id="42"/>
        <component id="43"/>
    </entry>
    <entry id="68" name="undefined" type="group">
        <graphics fgcolor="#000000" bgcolor="#FFFFFF"
             type="rectangle" x="289" y="368" width="66" height="54"/>
        <component id="40"/>
        <component id="41"/>
    </entry>
    <relation entry1="64" entry2="56" type="PPrel">
        <subtype name="activation" value="-->"/>
    </relation>
    <relation entry1="63" entry2="55" type="PPrel">
        <subtype name="activation" value="-->"/>
    </relation>
    <relation entry1="60" entry2="54" type="PPrel">
        <subtype name="activation" value="-->"/>
    </relation>
    <relation entry1="59" entry2="53" type="PPrel">
        <subtype name="activation" value="-->"/>
    </relation>
    <relation entry1="58" entry2="52" type="PPrel">
        <subtype name="activation" value="-->"/>
    </relation>
    <relation entry1="57" entry2="51" type="PPrel">
        <subtype name="activation" value="-->"/>
    </relation>
    <relation entry1="56" entry2="49" type="PPrel">
        <subtype name="activation" value="-->"/>
    </relation>
    <relation entry1="55" entry2="49" type="PPrel">
        <subtype name="activation" value="-->"/>
    </relation>
    <relation entry1="54" entry2="65" type="PPrel">
        <subtype name="activation" value="-->"/>
    </relation>
    <relation entry1="54" entry2="66" type="PPrel">
        <subtype name="activation" value="-->"/>
    </relation>
    <relation entry1="53" entry2="67" type="PPrel">
        <subtype name="activation" value="-->"/>
    </relation>
    <relation entry1="53" entry2="68" type="PPrel">
        <subtype name="activation" value="-->"/>
    </relation>
    <relation entry1="49" entry2="33" type="PPrel">
        <subtype name="activation" value="-->"/>
    </relation>
    <relation entry1="49" entry2="32" type="PPrel">
        <subtype name="activation" value="-->"/>
    </relation>
    <relation entry1="33" entry2="19" type="PPrel">
        <subtype name="activation" value="-->"/>
    </relation>
    <relation entry1="32" entry2="19" type="PPrel">
        <subtype name="activation" value="-->"/>
    </relation>
    <relation entry1="32" entry2="18" type="PPrel">
        <subtype name="activation" value="-->"/>
    </relation>
    <relation entry1="47" entry2="33" type="PPrel">
        <subtype name="activation" value="-->"/>
    </relation>
    <relation entry1="47" entry2="32" type="PPrel">
        <subtype name="activation" value="-->"/>
    </relation>
    <relation entry1="45" entry2="36" type="PPrel">
        <subtype name="activation" value="-->"/>
    </relation>
    <relation entry1="44" entry2="36" type="PPrel">
        <subtype name="activation" value="-->"/>
    </relation>
    <relation entry1="42" entry2="33" type="PPrel">
        <subtype name="activation" value="-->"/>
    </relation>
    <relation entry1="42" entry2="32" type="PPrel">
        <subtype name="activation" value="-->"/>
    </relation>
    <relation entry1="17" entry2="18" type="PPrel">
        <subtype name="activation" value="-->"/>
    </relation>
    <relation entry1="17" entry2="19" type="PPrel">
        <subtype name="activation" value="-->"/>
    </relation>
    <relation entry1="29" entry2="17" type="PPrel">
        <subtype name="activation" value="-->"/>
    </relation>
    <relation entry1="28" entry2="17" type="PPrel">
        <subtype name="activation" value="-->"/>
    </relation>
    <relation entry1="19" entry2="24" type="PPrel">
        <subtype name="activation" value="-->"/>
    </relation>
    <relation entry1="19" entry2="6" type="PPrel">
        <subtype name="activation" value="-->"/>
    </relation>
    <relation entry1="18" entry2="6" type="PPrel">
        <subtype name="activation" value="-->"/>
    </relation>
    <relation entry1="36" entry2="37" type="PPrel">
        <subtype name="activation" value="-->"/>
        <subtype name="phosphorylation" value="+p"/>
    </relation>
    <relation entry1="37" entry2="27" type="PPrel">
        <subtype name="activation" value="-->"/>
        <subtype name="phosphorylation" value="+p"/>
    </relation>
    <relation entry1="35" entry2="37" type="PPrel">
        <subtype name="activation" value="-->"/>
        <subtype name="phosphorylation" value="+p"/>
    </relation>
    <relation entry1="35" entry2="21" type="PPrel">
        <subtype name="inhibition" value="--|"/>
        <subtype name="phosphorylation" value="+p"/>
    </relation>
    <relation entry1="26" entry2="21" type="PPrel">
        <subtype name="inhibition" value="--|"/>
        <subtype name="phosphorylation" value="+p"/>
    </relation>
    <relation entry1="3" entry2="20" type="PPrel">
        <subtype name="activation" value="-->"/>
        <subtype name="dephosphorylation" value="-p"/>
    </relation>
    <relation entry1="22" entry2="14" type="GErel">
        <subtype name="expression" value="-->"/>
    </relation>
    <relation entry1="22" entry2="5" type="GErel">
        <subtype name="expression" value="-->"/>
    </relation>
    <relation entry1="22" entry2="13" type="GErel">
        <subtype name="expression" value="-->"/>
    </relation>
    <relation entry1="22" entry2="27" type="PPrel">
        <subtype name="dissociation" value="-+-"/>
    </relation>
    <relation entry1="6" entry2="15" type="PPrel">
        <subtype name="dissociation" value="-+-"/>
    </relation>
    <relation entry1="52" entry2="39" type="PPrel">
        <subtype name="indirect" value="..>"/>
    </relation>
    <relation entry1="51" entry2="39" type="PPrel">
        <subtype name="indirect" value="..>"/>
    </relation>
    <relation entry1="39" entry2="35" type="PPrel">
        <subtype name="indirect" value="..>"/>
    </relation>
    <relation entry1="40" entry2="36" type="PPrel">
        <subtype name="indirect" value="..>"/>
    </relation>
    <relation entry1="31" entry2="29" type="PPrel">
        <subtype name="indirect" value="..>"/>
    </relation>
    <relation entry1="25" entry2="24" type="PPrel">
        <subtype name="inhibition" value="--|"/>
    </relation>
    <relation entry1="25" entry2="19" type="PPrel">
        <subtype name="inhibition" value="--|"/>
    </relation>
    <relation entry1="7" entry2="9" type="PPrel">
        <subtype name="inhibition" value="--|"/>
    </relation>
    <relation entry1="50" entry2="4" type="PPrel">
        <subtype name="indirect" value="..>"/>
    </relation>
    <relation entry1="38" entry2="49" type="PPrel">
        <subtype name="inhibition" value="--|"/>
    </relation>
    <relation entry1="38" entry2="65" type="PPrel">
        <subtype name="inhibition" value="--|"/>
    </relation>
    <relation entry1="8" entry2="9" type="PPrel">
        <subtype name="activation" value="-->"/>
        <subtype name="phosphorylation" value="+p"/>
    </relation>
    <relation entry1="23" entry2="18" type="PPrel">
        <subtype name="inhibition" value="--|"/>
    </relation>
    <relation entry1="23" entry2="17" type="PPrel">
        <subtype name="inhibition" value="--|"/>
    </relation>
    <relation entry1="32" entry2="31" type="PPrel">
        <subtype name="activation" value="-->"/>
    </relation>
</pathway>
